0,514,"('monitoring', 205.0)","('performance', 176.0)","('metrics', 137.0)","('monitor', 121.0)","('log', 111.0)","('logging', 103.0)","('memory', 98.0)","('cpu', 94.0)","('agent', 87.0)","('performance-metrics', 83.0)","('performance-analysis', 80.0)","('process', 77.0)","('logs', 70.0)","('performance-monitoring', 65.0)","('profiler', 61.0)","('tracing', 60.0)","('monitor-performance', 58.0)","('apm', 56.0)","('debug', 55.0)","('profiling', 53.0)","('analyze', 50.0)","('performance-tuning', 48.0)","('trace', 47.0)","('errors', 46.0)","('resource', 43.0)","('statsd', 42.0)","('processor', 42.0)","('syslog', 41.0)","('production', 40.0)","('usage', 40.0)","('benchmarking', 39.0)","('instrumentation', 39.0)","('process-monitor', 38.0)","('performance-dashboard', 37.0)","('performance-testing', 36.0)","('performance-visualization', 35.0)","('freebsd', 35.0)","('collect', 34.0)","('allocations', 33.0)","('timings', 32.0)","('error', 32.0)","('log4j', 31.0)","('collector', 30.0)","('system-monitor', 29.0)","('v8', 29.0)","('logback', 28.0)","('profile', 28.0)","('webperf', 28.0)","('daemon', 28.0)","('opentracing', 26.0)"
1,689,"('testing', 228.0)","('chrome', 224.0)","('test', 202.0)","('extension', 172.0)","('browser', 167.0)","('firefox', 117.0)","('testing-tools', 106.0)","('chrome-extension', 105.0)","('test-automation', 90.0)","('utility', 86.0)","('mock', 83.0)","('mocking', 76.0)","('google-chrome', 67.0)","('selenium', 63.0)","('safari', 63.0)","('chromium', 62.0)","('fake', 57.0)","('headless', 56.0)","('devtools', 55.0)","('webdriver', 55.0)","('opera', 54.0)","('test-framework', 53.0)","('phantomjs', 45.0)","('webkit', 44.0)","('webservices', 43.0)","('test-driven-development', 41.0)","('edge', 38.0)","('mocks', 37.0)","('web-development', 37.0)","('standards', 36.0)","('w3c', 36.0)","('screenshot', 35.0)","('phpunit', 34.0)","('screenshots', 34.0)","('webservice', 34.0)","('interactions', 33.0)","('stubbing', 33.0)","('external', 33.0)","('firefox-addon', 32.0)","('web-standards', 32.0)","('soap', 32.0)","('ie', 32.0)","('mozilla', 31.0)","('chrome-devtools', 30.0)","('whatwg', 29.0)","('bookmarks', 29.0)","('qa', 29.0)","('testng', 29.0)","('stub', 28.0)","('microsoft-edge', 28.0)"
2,61,"('com', 57.0)","('www', 20.0)","('nested-layer-animation', 9.0)","('full-window-slider', 9.0)","('comic-books', 9.0)","('wordpress-slider', 9.0)","('timelined-layer-animation', 9.0)","('drawernavigator', 9.0)","('react-native-viewpager', 9.0)","('react-native-sglistview', 9.0)","('tabnavigator', 9.0)","('online-slider-maker', 9.0)","('react-static-container', 9.0)","('stacknavigator', 9.0)","('banner-rotator', 9.0)","('html5-ad', 9.0)","('layer-animation', 9.0)","('full-width-slider', 9.0)","('react-native-scrollable-tab-view', 9.0)","('correios', 7.0)","('allah', 6.0)","('islam', 6.0)","('quran', 6.0)","('muslim', 6.0)","('salah', 6.0)","('koran', 6.0)","('php-sigep', 5.0)","('etiquetas-de-postagem', 5.0)","('etiquetas', 5.0)","('plp', 5.0)","('schema-builder', 4.0)","('graphql-compose', 4.0)","('graphql-types', 4.0)","('graphql-compose-plugin', 4.0)","('flask-web', 3.0)","('correios-frete', 3.0)","('hellogithub', 3.0)","('peewee-orm', 3.0)","('yaaw', 2.0)","('everest', 2.0)","('sql-designer', 2.0)","('fitbit-data', 2.0)","('j2me', 2.0)","('korail', 2.0)","('jquery-easyui', 2.0)","('bloomberg-api', 2.0)","('fitbit-steps', 2.0)","('ali-credit-sesame', 2.0)","('aria2c', 2.0)","('kif', 2.0)"
3,539,"('map', 180.0)","('maps', 149.0)","('google', 148.0)","('search', 131.0)","('geospatial', 94.0)","('leaflet', 90.0)","('openstreetmap', 86.0)","('geojson', 81.0)","('vector', 70.0)","('geolocation', 65.0)","('geocoding', 65.0)","('format', 64.0)","('google-maps', 61.0)","('tiles', 60.0)","('timezone', 50.0)","('mapbox', 49.0)","('tile', 48.0)","('raster', 48.0)","('spatial', 48.0)","('places', 47.0)","('openlayers', 46.0)","('shapefile', 46.0)","('coordinates', 45.0)","('autocomplete', 40.0)","('geocoder', 40.0)","('markers', 40.0)","('3d-map', 39.0)","('vector-tiles', 38.0)","('datasource', 37.0)","('cesium', 37.0)","('arcgis', 37.0)","('postgis', 34.0)","('countries', 33.0)","('latitude', 33.0)","('longitude', 32.0)","('geodata', 31.0)","('polygons', 31.0)","('gps', 31.0)","('timezones', 31.0)","('cities', 31.0)","('addresses', 30.0)","('flight', 30.0)","('spatial-analysis', 30.0)","('esri', 29.0)","('browse', 29.0)","('wikipedia', 29.0)","('geocode', 29.0)","('txt', 28.0)","('osm', 28.0)","('earth', 28.0)"
4,348,"('torrent', 115.0)","('tv', 87.0)","('plex', 84.0)","('transmission', 71.0)","('bittorrent', 71.0)","('project', 70.0)","('emby', 65.0)","('kodi', 63.0)","('movie', 63.0)","('shows', 61.0)","('episodes', 58.0)","('sabnzbd', 56.0)","('couchpotato', 55.0)","('gui', 54.0)","('series', 54.0)","('qbittorrent', 53.0)","('p2p', 53.0)","('torrents', 52.0)","('movies', 51.0)","('nzbget', 51.0)","('subtitle', 51.0)","('sickrage', 51.0)","('automatic', 44.0)","('sickgear', 43.0)","('trakt', 43.0)","('sonarr', 42.0)","('htpc', 42.0)","('dashboard', 41.0)","('self-hosted', 40.0)","('watch', 40.0)","('sickbeard', 39.0)","('utorrent', 39.0)","('nzb', 38.0)","('usenet', 36.0)","('radarr', 36.0)","('webtorrent', 35.0)","('ombi', 35.0)","('headphones', 35.0)","('deluge', 34.0)","('torrent-client', 34.0)","('subtitles', 32.0)","('anime', 32.0)","('automate', 31.0)","('plexpy', 30.0)","('tvdb', 30.0)","('nzbhydra', 30.0)","('spider', 30.0)","('watcher', 30.0)","('sphinx', 29.0)","('dht', 28.0)"
5,1562,"('security', 668.0)","('tool', 556.0)","('windows', 329.0)","('malware', 286.0)","('hacking', 271.0)","('analysis', 251.0)","('vulnerability', 234.0)","('scanner', 227.0)","('pentesting', 212.0)","('dns', 200.0)","('exploit', 193.0)","('information', 179.0)","('attack', 167.0)","('penetration-testing', 158.0)","('security-audit', 154.0)","('payload', 154.0)","('automated', 146.0)","('vulnerability-scanners', 136.0)","('pentest', 132.0)","('vulnerabilities', 131.0)","('scanning', 128.0)","('exploitation', 125.0)","('remote', 124.0)","('xss', 124.0)","('penetration', 120.0)","('traffic', 113.0)","('hacking-tool', 113.0)","('attacks', 110.0)","('bypass', 108.0)","('host', 108.0)","('analyzer', 107.0)","('suite', 107.0)","('security-tools', 106.0)","('protection', 102.0)","('injection', 100.0)","('malware-analysis', 96.0)","('payloads', 94.0)","('kali-linux', 93.0)","('intelligence', 92.0)","('hosts', 92.0)","('infosec', 91.0)","('nmap', 90.0)","('poc', 90.0)","('exploits', 90.0)","('backdoor', 90.0)","('packet', 90.0)","('audit', 90.0)","('metasploit', 88.0)","('reverse', 87.0)","('security-scanner', 84.0)"
6,253,"('linux', 132.0)","('multiple', 45.0)","('csgo', 44.0)","('counter-strike', 40.0)","('razer', 39.0)","('steam', 38.0)","('logitech', 38.0)","('gta', 35.0)","('corsair', 31.0)","('cooler-master', 31.0)","('dota2', 28.0)","('valve', 27.0)","('linux-kernel', 26.0)","('hook', 26.0)","('overwatch', 24.0)","('san', 23.0)","('dota-2', 22.0)","('cheat', 21.0)","('andreas', 21.0)","('steam-games', 21.0)","('asi', 18.0)","('steam-api', 18.0)","('logitech-gaming', 18.0)","('steam-account', 17.0)","('mice', 17.0)","('steam-client', 17.0)","('peripherals', 17.0)","('crowdin', 16.0)","('grandtheftauto', 16.0)","('localized', 16.0)","('steelseries', 16.0)","('aurora', 16.0)","('gta-sa', 16.0)","('steambot', 16.0)","('san-andreas', 16.0)","('steamkit2', 16.0)","('plugin-sdk', 16.0)","('steam-language', 16.0)","('gta3', 16.0)","('gta5', 16.0)","('steam-network', 16.0)","('cheating', 16.0)","('gta-iii', 16.0)","('gta-vc', 16.0)","('steam-cards', 16.0)","('gtasa', 16.0)","('gta-vice-city', 16.0)","('vice-city', 16.0)","('farm', 16.0)","('gtavc', 16.0)"
7,445,"('wordpress', 165.0)","('page', 111.0)","('cart', 104.0)","('wordpress-plugin', 99.0)","('shopping', 97.0)","('magento', 89.0)","('ecommerce', 89.0)","('themes', 83.0)","('yii2', 79.0)","('order', 78.0)","('seo', 78.0)","('users', 78.0)","('product', 77.0)","('products', 75.0)","('filter', 75.0)","('best', 74.0)","('ajax', 73.0)","('e-commerce', 71.0)","('options', 70.0)","('magento2', 70.0)","('export', 70.0)","('extensions', 70.0)","('wysiwyg', 69.0)","('status', 69.0)","('rating', 68.0)","('upload', 66.0)","('number', 66.0)","('ip', 66.0)","('shipping', 66.0)","('directory', 66.0)","('address', 64.0)","('magento2-extension', 63.0)","('filtering', 62.0)","('magento2-module', 61.0)","('feed', 61.0)","('v2', 60.0)","('category', 60.0)","('credit', 59.0)","('attribute', 59.0)","('yii', 59.0)","('installation', 59.0)","('magento-extension', 58.0)","('sorting', 58.0)","('kind', 57.0)","('switcher', 55.0)","('currency', 55.0)","('optimizer', 55.0)","('invoice', 55.0)","('labels', 54.0)","('memo', 54.0)"
8,1591,"('game', 699.0)","('engine', 468.0)","('c-plus-plus', 336.0)","('3d', 325.0)","('opengl', 302.0)","('game-engine', 287.0)","('games', 273.0)","('game-development', 266.0)","('cross-platform', 265.0)","('webgl', 257.0)","('graphics', 257.0)","('unity', 247.0)","('2d', 237.0)","('rendering', 234.0)","('html5', 202.0)","('gamedev', 201.0)","('canvas', 198.0)","('unity3d', 191.0)","('multiplayer', 175.0)","('physics', 152.0)","('simulation', 139.0)","('shaders', 134.0)","('threejs', 130.0)","('port', 130.0)","('vr', 124.0)","('virtual', 116.0)","('sdl', 114.0)","('world', 112.0)","('drawing', 104.0)","('scene', 102.0)","('scripting', 99.0)","('clone', 97.0)","('shader', 97.0)","('cross', 96.0)","('reality', 94.0)","('classic', 93.0)","('vulkan', 92.0)","('renderer', 92.0)","('sdl2', 89.0)","('experimental', 88.0)","('multi-platform', 87.0)","('unreal', 86.0)","('art', 82.0)","('virtual-reality', 81.0)","('directx', 79.0)","('simulator', 78.0)","('render', 75.0)","('voxel', 74.0)","('libgdx', 74.0)","('rpg', 74.0)"
9,2109,"('machine-learning', 787.0)","('learning', 735.0)","('deep-learning', 677.0)","('tensorflow', 618.0)","('implementation', 543.0)","('deep', 484.0)","('neural', 480.0)","('machine', 423.0)","('networks', 409.0)","('models', 376.0)","('network', 366.0)","('neural-network', 350.0)","('model', 281.0)","('keras', 281.0)","('algorithm', 276.0)","('nlp', 268.0)","('pytorch', 267.0)","('computer-vision', 264.0)","('classification', 261.0)","('artificial-intelligence', 252.0)","('algorithms', 249.0)","('detection', 245.0)","('caffe', 229.0)","('data-science', 228.0)","('natural-language-processing', 216.0)","('tutorial', 211.0)","('ai', 201.0)","('paper', 196.0)","('deep-neural-networks', 193.0)","('training', 188.0)","('recognition', 188.0)","('cnn', 185.0)","('convolutional-neural-networks', 180.0)","('regression', 171.0)","('modeling', 166.0)","('neural-networks', 164.0)","('theano', 164.0)","('scikit-learn', 163.0)","('gan', 162.0)","('optimization', 160.0)","('gpu', 159.0)","('torch', 157.0)","('opencv', 154.0)","('reinforcement-learning', 147.0)","('lstm', 146.0)","('reinforcement', 143.0)","('segmentation', 140.0)","('natural', 139.0)","('face', 139.0)","('generative', 136.0)"
10,903,"('ios', 622.0)","('cocoapods', 284.0)","('macos', 225.0)","('carthage', 224.0)","('xcode', 219.0)","('ui', 188.0)","('apple', 173.0)","('mac', 145.0)","('swift-3', 145.0)","('iphone', 126.0)","('tvos', 123.0)","('uikit', 120.0)","('swift3', 116.0)","('osx', 100.0)","('ios-swift', 92.0)","('watchos', 89.0)","('swift-library', 83.0)","('ipad', 76.0)","('auto', 67.0)","('ios-app', 65.0)","('elegant', 64.0)","('swift-package-manager', 58.0)","('cocoa', 56.0)","('swift-framework', 52.0)","('constraints', 51.0)","('coredata', 51.0)","('autolayout', 49.0)","('alamofire', 46.0)","('swift-extensions', 46.0)","('storyboard', 45.0)","('swift-language', 45.0)","('ios-lib', 38.0)","('playground', 36.0)","('rxswift', 36.0)","('apple-tv', 34.0)","('uiimage', 34.0)","('swift4', 33.0)","('ipa', 32.0)","('plist', 31.0)","('ui-kit', 30.0)","('ios10', 30.0)","('cocoapod', 30.0)","('layout-engine', 29.0)","('xcode-plugin', 28.0)","('objective-c-library', 27.0)","('launch', 27.0)","('xcode8', 27.0)","('icloud', 27.0)","('coreanimation', 27.0)","('onboarding', 27.0)"
11,683,"('net', 402.0)","('c-sharp', 324.0)","('dotnet', 253.0)","('core', 186.0)","('dotnet-core', 123.0)","('xamarin', 117.0)","('parser', 107.0)","('mono', 107.0)","('uwp', 101.0)","('microsoft', 99.0)","('nuget', 92.0)","('wpf', 91.0)","('mvc', 82.0)","('runtime', 78.0)","('visual-studio', 76.0)","('asp-net-core', 75.0)","('xaml', 70.0)","('dotnet-standard', 63.0)","('netcore', 63.0)","('xamarin-android', 61.0)","('pcl', 57.0)","('rich', 57.0)","('samples', 56.0)","('dotnetcore', 54.0)","('aspnetcore', 53.0)","('xamarin-ios', 52.0)","('expression', 52.0)","('netstandard', 51.0)","('ddd', 51.0)","('dot-net', 49.0)","('cqrs', 49.0)","('aspnet-core', 47.0)","('fluent', 47.0)","('dotnet-framework', 47.0)","('strings', 46.0)","('internal', 45.0)","('xamarin-forms', 44.0)","('webapi', 44.0)","('grammar', 43.0)","('linq', 43.0)","('asp-net', 42.0)","('winforms', 40.0)","('coreclr', 39.0)","('entity-framework', 39.0)","('evaluator', 39.0)","('entity', 38.0)","('exceptions', 36.0)","('event-sourcing', 36.0)","('calculus', 36.0)","('operators', 36.0)"
12,1189,"('android', 932.0)","('app', 370.0)","('rxjava', 277.0)","('android-library', 274.0)","('mvp', 210.0)","('design', 195.0)","('material', 193.0)","('material-design', 180.0)","('architecture', 171.0)","('sample', 167.0)","('dagger2', 163.0)","('retrofit', 156.0)","('rxjava2', 152.0)","('retrofit2', 152.0)","('android-application', 151.0)","('gradle', 120.0)","('dagger', 118.0)","('kotlin-android', 116.0)","('android-development', 115.0)","('pattern', 107.0)","('mvp-architecture', 107.0)","('android-architecture', 106.0)","('espresso', 98.0)","('butterknife', 98.0)","('okhttp', 95.0)","('dependency-injection', 84.0)","('rxandroid', 84.0)","('mvp-android', 83.0)","('glide', 80.0)","('mvvm', 80.0)","('realm', 77.0)","('mockito', 73.0)","('android-app', 70.0)","('okhttp3', 68.0)","('android-studio', 68.0)","('dependency', 66.0)","('binding', 65.0)","('clean-architecture', 62.0)","('robolectric', 61.0)","('databinding', 59.0)","('picasso', 53.0)","('junit', 50.0)","('gson', 50.0)","('showcase', 49.0)","('rxjava-android', 49.0)","('mosby', 48.0)","('fragments', 48.0)","('room', 46.0)","('lifecycle', 46.0)","('webview', 46.0)"
13,232,"('system', 98.0)","('create', 53.0)","('arch-linux', 44.0)","('qemu', 43.0)","('virtualization', 40.0)","('archlinux', 36.0)","('disk', 33.0)","('arch', 32.0)","('distro', 31.0)","('fedora', 31.0)","('guest', 30.0)","('snapshot', 28.0)","('efi', 27.0)","('uefi', 27.0)","('grub', 26.0)","('pacman', 24.0)","('qemu-kvm', 24.0)","('aur', 23.0)","('bootable', 23.0)","('multiboot', 22.0)","('syslinux', 22.0)","('aur-helper', 22.0)","('kvm', 22.0)","('checks', 21.0)","('maintenance', 20.0)","('tui', 19.0)","('grub2', 19.0)","('gpt', 19.0)","('allow', 19.0)","('bootable-drives', 18.0)","('gentoo', 18.0)","('distributed-storage', 17.0)","('arch-linux-distro', 17.0)","('cylon', 17.0)","('cower', 17.0)","('pacaur', 17.0)","('rmlint', 17.0)","('bleachbit', 17.0)","('gdrive', 17.0)","('livecd', 16.0)","('opensuse', 16.0)","('bios', 16.0)","('btrfs', 16.0)","('virtio', 15.0)","('wdm', 15.0)","('partition', 15.0)","('wdf', 15.0)","('storport', 15.0)","('kernel-driver', 15.0)","('ndis', 15.0)"
14,504,"('image', 254.0)","('images', 154.0)","('files', 113.0)","('jpeg', 108.0)","('png', 91.0)","('photos', 91.0)","('photo', 89.0)","('svg', 84.0)","('image-processing', 80.0)","('gif', 77.0)","('webp', 63.0)","('compression', 63.0)","('image-compression', 58.0)","('jpg', 58.0)","('exif', 58.0)","('imagemagick', 50.0)","('cropping', 43.0)","('resize', 41.0)","('filters', 41.0)","('bitmap', 41.0)","('manipulation', 40.0)","('minify', 38.0)","('bmp', 38.0)","('psd', 38.0)","('thumbnails', 37.0)","('tiff', 37.0)","('thumbnail', 36.0)","('mozjpeg', 36.0)","('photography', 35.0)","('assets', 34.0)","('image-manipulation', 33.0)","('lossless', 32.0)","('crop-image', 32.0)","('compact', 29.0)","('focus', 28.0)","('photo-manager', 28.0)","('cropper', 28.0)","('compress', 28.0)","('tga', 28.0)","('pcx', 27.0)","('responsive-images', 27.0)","('pgm', 27.0)","('gifs', 27.0)","('ppm', 27.0)","('xmp', 26.0)","('closure', 25.0)","('embeddable', 24.0)","('rgba', 24.0)","('minifier', 23.0)","('resize-images', 23.0)"
15,379,"('laravel', 191.0)","('5', 127.0)","('generator', 83.0)","('para', 76.0)","('laravel-package', 52.0)","('laravel-framework', 49.0)","('code-generation', 40.0)","('em', 38.0)","('templates', 36.0)","('code-generator', 35.0)","('super', 34.0)","('captcha', 34.0)","('boleto', 32.0)","('languages', 30.0)","('localization', 30.0)","('crud-generator', 28.0)","('registration', 27.0)","('brasil', 25.0)","('cnab', 24.0)","('retorno', 24.0)","('client-side', 24.0)","('laravel5-package', 24.0)","('biblioteca', 23.0)","('curso', 22.0)","('boletos', 22.0)","('laravel-crud-generator', 22.0)","('cpf', 22.0)","('roles', 21.0)","('cover', 21.0)","('crud-builder', 21.0)","('plus', 21.0)","('crud-maker', 21.0)","('user-management', 20.0)","('save', 20.0)","('mike-alhayek', 19.0)","('view-creator', 19.0)","('nfe', 19.0)","('php-artisan', 19.0)","('crestapps', 19.0)","('laravel-code-generator', 19.0)","('banco', 19.0)","('remessa', 19.0)","('dropzonejs', 19.0)","('confirmation', 18.0)","('seu', 18.0)","('user-profile', 18.0)","('two-step-authentication', 18.0)","('gravatar-api', 18.0)","('socialite-logins', 18.0)","('socialite', 18.0)"
16,1047,"('audio', 430.0)","('video', 403.0)","('music', 343.0)","('player', 332.0)","('streaming', 198.0)","('media', 187.0)","('ffmpeg', 164.0)","('youtube', 146.0)","('mp3', 136.0)","('stream', 134.0)","('live', 125.0)","('rtmp', 125.0)","('play', 123.0)","('videos', 110.0)","('music-player', 108.0)","('hls', 105.0)","('rtsp', 95.0)","('spotify', 94.0)","('webrtc', 92.0)","('metadata', 87.0)","('soundcloud', 87.0)","('media-player', 84.0)","('mp4', 83.0)","('playback', 82.0)","('radio', 76.0)","('encoder', 75.0)","('ogg', 71.0)","('encoding', 69.0)","('h264', 68.0)","('streams', 68.0)","('midi', 66.0)","('video-player', 66.0)","('playlist', 64.0)","('flac', 64.0)","('aac', 63.0)","('webaudio', 60.0)","('flash', 60.0)","('synthesis', 59.0)","('recording', 58.0)","('decoding', 56.0)","('rtp', 55.0)","('itunes', 53.0)","('video-streaming', 53.0)","('downloader', 52.0)","('vimeo', 52.0)","('wav', 50.0)","('synthesizer', 49.0)","('livestream', 48.0)","('decode', 48.0)","('fm', 47.0)"
17,308,"('markdown', 124.0)","('documents', 75.0)","('formats', 67.0)","('excel', 67.0)","('epub', 67.0)","('writing', 66.0)","('slides', 60.0)","('presentations', 59.0)","('write', 57.0)","('xlsx', 55.0)","('presentation', 52.0)","('docx', 50.0)","('ebook', 48.0)","('spreadsheet', 44.0)","('xls', 43.0)","('libreoffice', 42.0)","('powerpoint', 42.0)","('markup', 41.0)","('odt', 41.0)","('asciidoc', 41.0)","('output', 39.0)","('office', 38.0)","('pandoc', 38.0)","('formatting', 38.0)","('converts', 37.0)","('openoffice', 37.0)","('kindle', 35.0)","('pptx', 34.0)","('restructuredtext', 33.0)","('gnu', 33.0)","('ebooks', 33.0)","('books', 32.0)","('parse', 32.0)","('docbook', 30.0)","('ebook-reader', 30.0)","('beamer', 30.0)","('textile', 29.0)","('org-mode', 29.0)","('ods', 29.0)","('man', 29.0)","('opml', 28.0)","('opendocument', 27.0)","('mediawiki', 26.0)","('xhtml', 26.0)","('kobo', 25.0)","('groff', 25.0)","('context', 25.0)","('spreadsheets', 24.0)","('conventions', 24.0)","('import', 23.0)"
18,1498,"('docker', 641.0)","('kubernetes', 330.0)","('apache', 260.0)","('containers', 258.0)","('management', 253.0)","('mysql', 248.0)","('container', 241.0)","('ansible', 225.0)","('deployment', 219.0)","('cluster', 211.0)","('elasticsearch', 207.0)","('environment', 195.0)","('vagrant', 192.0)","('configuration', 191.0)","('devops', 187.0)","('mongodb', 185.0)","('ubuntu', 176.0)","('infrastructure', 164.0)","('spark', 160.0)","('kafka', 158.0)","('running', 157.0)","('docker-image', 151.0)","('install', 148.0)","('ci', 147.0)","('deploy', 141.0)","('setup', 139.0)","('mesos', 139.0)","('debian', 139.0)","('stack', 138.0)","('chef', 135.0)","('hadoop', 131.0)","('jenkins', 128.0)","('consul', 128.0)","('centos', 126.0)","('cassandra', 125.0)","('memcached', 123.0)","('docker-compose', 117.0)","('plugins', 117.0)","('orchestration', 115.0)","('openstack', 115.0)","('environments', 110.0)","('php7', 108.0)","('load', 105.0)","('travis-ci', 101.0)","('docker-container', 101.0)","('hbase', 99.0)","('zookeeper', 99.0)","('config', 98.0)","('dockerfile', 98.0)","('standalone', 95.0)"
19,426,"('fast', 124.0)","('algebra', 96.0)","('linear-algebra', 82.0)","('matrix', 81.0)","('statistics', 79.0)","('scientific-computing', 78.0)","('functions', 78.0)","('linear', 75.0)","('simd', 74.0)","('math', 73.0)","('mathematics', 70.0)","('plotting', 64.0)","('sparse', 60.0)","('random', 59.0)","('geometry', 57.0)","('numerical', 57.0)","('numbers', 49.0)","('sse', 48.0)","('scientific', 48.0)","('differential-equations', 47.0)","('distributions', 47.0)","('probability', 46.0)","('avx', 45.0)","('calculations', 44.0)","('small', 43.0)","('visualisation', 43.0)","('neon', 43.0)","('tensors', 40.0)","('modules', 40.0)","('utilities', 40.0)","('numeric', 39.0)","('mkl', 39.0)","('blas', 38.0)","('avx2', 36.0)","('fourier', 34.0)","('arbitrary-precision', 34.0)","('avx512', 33.0)","('computational-geometry', 33.0)","('polynomials', 33.0)","('matrices', 32.0)","('sparse-systems', 32.0)","('stats', 32.0)","('number-theory', 32.0)","('eigenvalues', 31.0)","('fast-fourier-transform', 31.0)","('arithmetic', 31.0)","('numerical-calculations', 30.0)","('continuum-mechanics', 30.0)","('tensor-algebra', 30.0)","('algorithmic-differentation', 30.0)"
20,182,"('symfony', 80.0)","('cache', 60.0)","('bundle', 55.0)","('symfony-bundle', 46.0)","('caching', 46.0)","('helper', 40.0)","('symfony2', 33.0)","('generic', 26.0)","('helpers', 23.0)","('bbcode', 21.0)","('psr-6', 18.0)","('timeago', 15.0)","('bbcode-parser', 15.0)","('gravatar', 14.0)","('rewrite', 14.0)","('wikipedia-api', 13.0)","('video-information', 13.0)","('laravel55', 13.0)","('currency-conversion', 13.0)","('trickster', 13.0)","('truncate', 13.0)","('currency-converter', 13.0)","('video-embed', 13.0)","('symfony3', 12.0)","('pdo', 12.0)","('nginx-wordpress', 11.0)","('cache-purge', 11.0)","('psr-cache', 11.0)","('nginx-cache', 11.0)","('fastcgi-purge-cache', 11.0)","('doctrine2', 11.0)","('multisite', 11.0)","('apix-cache', 11.0)","('cache-backend', 11.0)","('apix', 11.0)","('purge', 11.0)","('nginx-purge', 11.0)","('thin', 11.0)","('igbinary', 11.0)","('apcu', 11.0)","('permalinks', 11.0)","('behat', 10.0)","('lru', 9.0)","('symfony-application', 9.0)","('decoda', 9.0)","('twig-extension', 8.0)","('subtree', 8.0)","('doctrine-orm', 7.0)","('alice', 7.0)","('psr-16', 7.0)"
21,1274,"('raspberry-pi', 374.0)","('raspberry', 318.0)","('pi', 303.0)","('iot', 297.0)","('control', 254.0)","('devices', 242.0)","('software', 237.0)","('esp8266', 204.0)","('hardware', 198.0)","('home-automation', 179.0)","('firmware', 178.0)","('device', 175.0)","('mqtt', 165.0)","('embedded', 154.0)","('bluetooth', 151.0)","('driver', 144.0)","('home', 135.0)","('wifi', 133.0)","('sensor', 131.0)","('automation', 124.0)","('robotics', 123.0)","('i2c', 120.0)","('board', 115.0)","('sensors', 113.0)","('smart', 107.0)","('ros', 106.0)","('usb', 104.0)","('gpio', 104.0)","('internet-of-things', 104.0)","('communication', 101.0)","('serial', 100.0)","('uav', 99.0)","('robot', 99.0)","('assistant', 98.0)","('light', 97.0)","('internet', 97.0)","('led', 95.0)","('avr', 95.0)","('digital', 95.0)","('raspberrypi', 94.0)","('home-assistant', 93.0)","('spi', 93.0)","('qt', 92.0)","('drone', 90.0)","('things', 89.0)","('chip', 87.0)","('controlling', 82.0)","('beaglebone', 78.0)","('diy', 76.0)","('hue', 75.0)"
22,642,"('database', 362.0)","('postgresql', 208.0)","('orm', 148.0)","('databases', 128.0)","('db', 103.0)","('nosql', 102.0)","('postgres', 101.0)","('schema', 91.0)","('activerecord', 90.0)","('store', 88.0)","('layer', 81.0)","('oracle', 80.0)","('queries', 78.0)","('replication', 71.0)","('persistence', 71.0)","('document', 62.0)","('mapping', 55.0)","('jdbc', 53.0)","('graph-database', 52.0)","('backbone', 49.0)","('migrations', 48.0)","('transactional', 44.0)","('relational', 42.0)","('active', 41.0)","('migration', 40.0)","('tables', 40.0)","('mapper', 39.0)","('dsl', 38.0)","('sqlite3', 38.0)","('transaction', 37.0)","('abstraction', 35.0)","('full-text', 35.0)","('type-safe', 35.0)","('transactions', 34.0)","('sqlalchemy', 33.0)","('doctrine', 33.0)","('sqlserver', 32.0)","('leveldb', 32.0)","('backbonejs', 31.0)","('document-database', 31.0)","('localstorage', 30.0)","('couchdb', 30.0)","('odm', 29.0)","('logic', 29.0)","('schemas', 28.0)","('sql-query', 28.0)","('stores', 28.0)","('mssql', 28.0)","('consistent', 27.0)","('sharding', 27.0)"
23,1365,"('client', 339.0)","('http', 324.0)","('distributed', 312.0)","('asynchronous', 292.0)","('redis', 289.0)","('async', 258.0)","('websocket', 217.0)","('rpc', 189.0)","('concurrency', 184.0)","('queue', 183.0)","('protocol', 182.0)","('high-performance', 181.0)","('websockets', 178.0)","('tcp', 164.0)","('functional', 158.0)","('microservices', 157.0)","('top', 156.0)","('reactive', 155.0)","('event', 150.0)","('scalable', 144.0)","('networking', 138.0)","('message', 136.0)","('distributed-systems', 136.0)","('socket', 136.0)","('events', 135.0)","('http-server', 129.0)","('task', 127.0)","('http-client', 117.0)","('rabbitmq', 116.0)","('jvm', 114.0)","('functional-programming', 113.0)","('microservice', 113.0)","('coroutines', 110.0)","('thread', 108.0)","('efficient', 107.0)","('parallel', 105.0)","('job', 103.0)","('serialization', 102.0)","('http2', 100.0)","('netty', 100.0)","('https', 96.0)","('pubsub', 95.0)","('promise', 93.0)","('akka', 92.0)","('concurrent', 89.0)","('protocols', 88.0)","('amqp', 86.0)","('jobs', 85.0)","('pool', 85.0)","('asyncio', 83.0)"
24,787,"('cryptography', 209.0)","('encryption', 174.0)","('crypto', 160.0)","('secure', 147.0)","('pure', 132.0)","('proxy', 130.0)","('tls', 120.0)","('ssh', 119.0)","('ssl', 106.0)","('aes', 102.0)","('password', 102.0)","('certificate', 101.0)","('md5', 87.0)","('hmac', 87.0)","('public', 86.0)","('cryptographic', 77.0)","('standard', 76.0)","('udp', 76.0)","('pbkdf2', 75.0)","('ipv6', 73.0)","('certificates', 68.0)","('encrypted', 68.0)","('sha1', 65.0)","('tunnel', 64.0)","('portable', 62.0)","('private', 62.0)","('sha-1', 61.0)","('shadowsocks', 58.0)","('vpn', 57.0)","('password-manager', 57.0)","('signing', 56.0)","('keys', 56.0)","('ecdsa', 54.0)","('rsa', 54.0)","('base', 53.0)","('sha256', 51.0)","('signature', 51.0)","('sha-256', 51.0)","('hashing', 51.0)","('x509', 50.0)","('safe', 50.0)","('posix', 50.0)","('curve25519', 49.0)","('letsencrypt', 48.0)","('passwords', 48.0)","('ipv4', 48.0)","('ed25519', 46.0)","('bsd', 46.0)","('cipher', 45.0)","('sha-2', 45.0)"
25,2385,"('react', 1011.0)","('js', 762.0)","('webpack', 626.0)","('angular', 581.0)","('redux', 509.0)","('typescript', 430.0)","('boilerplate', 392.0)","('components', 383.0)","('apps', 364.0)","('es6', 364.0)","('sass', 362.0)","('bootstrap', 337.0)","('template', 332.0)","('starter', 313.0)","('angular2', 313.0)","('babel', 309.0)","('webpack2', 304.0)","('reactjs', 301.0)","('vuejs', 299.0)","('react-native', 299.0)","('express', 296.0)","('angularjs', 295.0)","('vuejs2', 246.0)","('universal', 244.0)","('graphql', 225.0)","('vue2', 220.0)","('gulp', 219.0)","('eslint', 219.0)","('react-router', 215.0)","('router', 210.0)","('isomorphic', 206.0)","('angular4', 206.0)","('scss', 205.0)","('frontend', 200.0)","('front-end', 195.0)","('vuex', 190.0)","('spa', 188.0)","('vue-router', 182.0)","('less', 182.0)","('mocha', 176.0)","('jest', 175.0)","('ssr', 175.0)","('tests', 168.0)","('postcss', 167.0)","('starter-kit', 161.0)","('loader', 155.0)","('es2015', 154.0)","('hot', 153.0)","('flow', 152.0)","('ember', 152.0)"
26,221,"('gzip', 48.0)","('archive', 40.0)","('reading', 39.0)","('archives', 37.0)","('creation', 36.0)","('iso', 36.0)","('lz4', 35.0)","('tar', 35.0)","('brotli', 34.0)","('qrcode', 33.0)","('ean13', 32.0)","('decompression', 32.0)","('console', 32.0)","('compressor', 32.0)","('bz2', 32.0)","('rar', 31.0)","('bzip2', 31.0)","('7zip', 31.0)","('huffman', 30.0)","('lz77', 30.0)","('gz', 29.0)","('xz', 29.0)","('archiving', 29.0)","('writer', 27.0)","('barcode-generator', 27.0)","('properties', 27.0)","('cab', 27.0)","('z', 27.0)","('datamatrix', 27.0)","('unified', 26.0)","('qr-code', 26.0)","('isbn', 26.0)","('merge', 25.0)","('code39', 25.0)","('zstd', 25.0)","('code128', 25.0)","('delete', 25.0)","('benchmark', 25.0)","('lzma', 24.0)","('duplicate', 24.0)","('ean8', 24.0)","('lzma2', 23.0)","('zlib', 23.0)","('aztec-code', 23.0)","('pdf417', 23.0)","('unpacker', 23.0)","('3ds', 22.0)","('qrcode-generator', 21.0)","('7-zip', 20.0)","('ghostscript', 19.0)"
27,87,"('get', 45.0)","('comments', 20.0)","('instagram-api', 19.0)","('scraper', 18.0)","('africa', 17.0)","('vote', 16.0)","('elections', 16.0)","('accessible', 15.0)","('github-pages', 15.0)","('instagram-scraper', 14.0)","('ghana', 14.0)","('zambia', 14.0)","('zimbabwe', 14.0)","('gottovote', 14.0)","('elections-toolkit', 14.0)","('cc', 14.0)","('registration-centres', 14.0)","('malawi', 14.0)","('account', 14.0)","('kenya', 14.0)","('instagram-sdk', 13.0)","('instagram-client', 12.0)","('ntp', 11.0)","('ntp-server', 11.0)","('ntp-client', 10.0)","('instagram-java-client', 9.0)","('instagram-java-scraper', 9.0)","('instagram-java-sdk', 9.0)","('ntpclient-library', 8.0)","('ntpd', 8.0)","('ntp-protocol', 8.0)","('ntpdate', 8.0)","('instagram-php-scraper', 8.0)","('link', 8.0)","('ntp-library', 8.0)","('ntp-amplification', 8.0)","('follow', 7.0)","('truetime', 5.0)","('link-ios', 5.0)","('plaid-link', 5.0)","('link-webview', 5.0)","('plaid', 5.0)","('instasharper', 4.0)","('instagram-lib', 4.0)","('commenting', 4.0)","('instagram-user-photos', 4.0)","('sntp', 4.0)","('precinct', 3.0)","('disqus', 3.0)","('made-in-naija', 3.0)"
28,964,"('code', 318.0)","('plugin', 314.0)","('text', 241.0)","('editor', 210.0)","('sublime', 184.0)","('syntax', 171.0)","('terminal', 158.0)","('atom', 152.0)","('vim', 148.0)","('ide', 146.0)","('visual', 135.0)","('studio', 130.0)","('zsh', 116.0)","('highlighting', 116.0)","('syntax-highlighting', 110.0)","('sublime-text', 107.0)","('bash', 104.0)","('snippets', 101.0)","('intellij', 97.0)","('linter', 91.0)","('vscode', 84.0)","('completion', 83.0)","('debugger', 79.0)","('productivity', 78.0)","('color-scheme', 76.0)","('emacs', 71.0)","('dark', 68.0)","('coding', 67.0)","('neovim', 65.0)","('notes', 64.0)","('idea', 64.0)","('autocompletion', 62.0)","('visual-studio-code', 60.0)","('intellij-plugin', 59.0)","('debugging', 59.0)","('oh-my-zsh', 53.0)","('fuzzy', 53.0)","('prompt', 52.0)","('sublime-text-3', 52.0)","('formatter', 50.0)","('phpstorm', 48.0)","('webstorm', 48.0)","('alfred', 48.0)","('jupyter', 47.0)","('editing', 46.0)","('settings', 45.0)","('dark-theme', 45.0)","('vscode-extension', 45.0)","('repl', 44.0)","('fish', 44.0)"
29,586,"('cms', 161.0)","('website', 145.0)","('blog', 137.0)","('content', 109.0)","('jekyll', 107.0)","('site', 102.0)","('static', 97.0)","('static-site-generator', 79.0)","('latex', 66.0)","('flexible', 62.0)","('blog-engine', 57.0)","('content-management', 55.0)","('blogging', 55.0)","('jekyll-theme', 53.0)","('websites', 52.0)","('hugo', 51.0)","('resume', 47.0)","('hexo', 46.0)","('twig', 43.0)","('website-builder', 41.0)","('craft', 41.0)","('craftcms', 41.0)","('minimalist', 38.0)","('cv', 35.0)","('jekyll-site', 33.0)","('portfolio', 33.0)","('multilingual', 32.0)","('blog-theme', 31.0)","('content-management-system', 30.0)","('craft-plugin', 29.0)","('resume-template', 29.0)","('jekyll-template', 28.0)","('portfolio-website', 27.0)","('website-generation', 27.0)","('resume-creator', 27.0)","('curriculum-vitae', 26.0)","('slim', 26.0)","('jekyll-themes', 26.0)","('middleman', 25.0)","('hexo-theme', 25.0)","('cmf', 24.0)","('eloquent', 24.0)","('meta', 24.0)","('enhanced', 24.0)","('cms-framework', 24.0)","('university', 23.0)","('minimalistic', 23.0)","('thesis', 22.0)","('sitemap', 22.0)","('site-generator', 21.0)"
30,627,"('github', 272.0)","('repository', 241.0)","('git', 221.0)","('org', 154.0)","('version', 140.0)","('official', 136.0)","('mirror', 131.0)","('please', 123.0)","('repo', 121.0)","('issues', 119.0)","('pull', 109.0)","('fork', 104.0)","('requests', 101.0)","('repositories', 86.0)","('release', 84.0)","('wiki', 84.0)","('current', 73.0)","('issue', 73.0)","('bug', 72.0)","('branch', 71.0)","('tracker', 69.0)","('versions', 64.0)","('bitbucket', 64.0)","('history', 63.0)","('commit', 63.0)","('tags', 61.0)","('commits', 60.0)","('every', 57.0)","('patches', 56.0)","('svn', 55.0)","('gitlab', 55.0)","('stable', 53.0)","('master', 53.0)","('unofficial', 51.0)","('visit', 50.0)","('releases', 50.0)","('changelog', 49.0)","('old', 49.0)","('bugs', 48.0)","('upstream', 47.0)","('github-api', 46.0)","('repos', 45.0)","('note', 45.0)","('review', 43.0)","('reports', 41.0)","('tag', 41.0)","('subversion', 41.0)","('found', 41.0)","('welcome', 41.0)","('contributions', 40.0)"
31,1823,"('view', 562.0)","('animation', 554.0)","('jquery', 551.0)","('component', 471.0)","('custom', 463.0)","('customizable', 326.0)","('animations', 311.0)","('layout', 307.0)","('style', 289.0)","('scrolling', 282.0)","('effect', 280.0)","('menu', 279.0)","('jquery-plugin', 260.0)","('scroll', 250.0)","('animated', 247.0)","('responsive', 246.0)","('display', 244.0)","('views', 240.0)","('bar', 237.0)","('elements', 234.0)","('show', 233.0)","('grid', 233.0)","('effects', 231.0)","('navigation', 230.0)","('loading', 222.0)","('input', 214.0)","('controller', 198.0)","('beautiful', 194.0)","('element', 193.0)","('recyclerview', 189.0)","('transition', 188.0)","('swipe', 184.0)","('table', 178.0)","('smooth', 173.0)","('slider', 171.0)","('css3', 171.0)","('form', 170.0)","('buttons', 165.0)","('header', 158.0)","('icons', 156.0)","('modal', 155.0)","('directive', 155.0)","('slide', 151.0)","('transitions', 151.0)","('uitableview', 145.0)","('select', 144.0)","('parallax', 143.0)","('dialog', 142.0)","('ui-components', 137.0)","('animate', 135.0)"
32,271,"('language', 106.0)","('generate', 64.0)","('english', 48.0)","('rules', 47.0)","('semantic-web', 41.0)","('publishing', 38.0)","('rdf', 38.0)","('linked-data', 36.0)","('pluralization', 35.0)","('words', 31.0)","('russian', 29.0)","('article', 27.0)","('annotations', 27.0)","('solid', 24.0)","('pypi', 23.0)","('rdfa', 23.0)","('citations', 23.0)","('pluralize', 23.0)","('serializer', 22.0)","('uri', 22.0)","('morphology', 21.0)","('names', 21.0)","('decentralized', 21.0)","('ldp', 20.0)","('social-web', 20.0)","('webid', 20.0)","('rww', 20.0)","('social-machine', 20.0)","('clientside', 20.0)","('linked-data-notifications', 20.0)","('linked-research', 20.0)","('semantic-publishing', 20.0)","('activity-stream', 20.0)","('web-annotation', 20.0)","('spell', 19.0)","('json-ld', 19.0)","('turtle', 18.0)","('transliteration', 18.0)","('rdf-xml', 17.0)","('russian-specific', 17.0)","('lemmatizer', 17.0)","('rdflib', 17.0)","('namespace', 17.0)","('nquads', 16.0)","('english-specific', 16.0)","('ntriples', 16.0)","('triples', 16.0)","('geographical', 16.0)","('humanizer', 16.0)","('cardinal', 16.0)"
33,841,"('bot', 274.0)","('chat', 206.0)","('slack', 172.0)","('sdk', 170.0)","('facebook', 164.0)","('chatbot', 154.0)","('twitter', 142.0)","('messaging', 140.0)","('messenger', 133.0)","('notifications', 132.0)","('telegram', 126.0)","('bots', 121.0)","('wechat', 115.0)","('discord', 98.0)","('mobile', 97.0)","('social', 91.0)","('xmpp', 88.0)","('messages', 82.0)","('irc', 81.0)","('push', 81.0)","('realtime', 80.0)","('social-network', 67.0)","('push-notifications', 67.0)","('skype', 64.0)","('bot-framework', 59.0)","('chatbots', 56.0)","('personal', 54.0)","('telegram-bot', 52.0)","('channels', 52.0)","('twilio', 50.0)","('whatsapp', 50.0)","('fcm', 50.0)","('firebase-cloud-messaging', 47.0)","('slackbot', 47.0)","('im', 46.0)","('gcm', 44.0)","('talk', 44.0)","('instant-messaging', 44.0)","('apns', 44.0)","('slack-bot', 42.0)","('qq', 41.0)","('botkit', 40.0)","('jabber', 40.0)","('conversation', 38.0)","('ios-sdk', 38.0)","('android-sdk', 37.0)","('vkontakte', 37.0)","('webhook', 36.0)","('hipchat', 36.0)","('facebook-messenger', 36.0)"
34,394,"('cordova', 175.0)","('admob', 171.0)","('banner', 170.0)","('copy', 169.0)","('parsing', 165.0)","('clipboard', 164.0)","('camera', 164.0)","('calendar', 164.0)","('viewpager', 163.0)","('phonegap', 162.0)","('widget', 162.0)","('string', 161.0)","('type', 161.0)","('screen', 161.0)","('location', 161.0)","('phone', 160.0)","('pdf', 160.0)","('background', 160.0)","('convert', 159.0)","('date', 159.0)","('keyboard', 159.0)","('download', 158.0)","('fragment', 158.0)","('sms', 158.0)","('qr', 158.0)","('ad', 158.0)","('picture', 158.0)","('button', 157.0)","('sqlite', 157.0)","('activity', 157.0)","('contacts', 157.0)","('send', 156.0)","('listview', 156.0)","('hash', 156.0)","('developer', 156.0)","('drop', 156.0)","('tree', 156.0)","('url', 156.0)","('permission', 156.0)","('gmail', 156.0)","('progress', 156.0)","('floating', 156.0)","('drag', 156.0)","('sync', 155.0)","('query', 155.0)","('action', 155.0)","('circular', 155.0)","('analytics', 155.0)","('detect', 155.0)","('touch', 155.0)"
35,941,"('rest', 213.0)","('authentication', 213.0)","('rails', 209.0)","('json', 209.0)","('spring', 199.0)","('authorization', 164.0)","('oauth', 164.0)","('restful', 161.0)","('oauth2', 161.0)","('spring-boot', 160.0)","('middleware', 147.0)","('swagger', 145.0)","('rest-api', 134.0)","('jwt', 115.0)","('gem', 102.0)","('apis', 101.0)","('mybatis', 95.0)","('flask', 90.0)","('openid', 89.0)","('connect', 88.0)","('request', 83.0)","('login', 78.0)","('auth', 73.0)","('spring-mvc', 73.0)","('shiro', 73.0)","('frameworks', 72.0)","('validation', 71.0)","('spring-cloud', 70.0)","('openapi', 64.0)","('sign', 63.0)","('token', 63.0)","('session', 61.0)","('json-api', 60.0)","('web-framework', 57.0)","('cas', 55.0)","('dubbo', 55.0)","('spring-security', 51.0)","('rspec', 50.0)","('sinatra', 49.0)","('specification', 48.0)","('rack', 47.0)","('swagger-ui', 47.0)","('identity', 46.0)","('openid-connect', 45.0)","('handler', 44.0)","('ldap', 43.0)","('restful-api', 43.0)","('play-framework', 43.0)","('devise', 42.0)","('openidconnect', 41.0)"
36,462,"('data', 204.0)","('bioinformatics', 173.0)","('tools', 115.0)","('genomics', 96.0)","('science', 89.0)","('pipeline', 71.0)","('workflow', 66.0)","('genome', 56.0)","('alignment', 53.0)","('libraries', 52.0)","('biology', 47.0)","('reproducible-research', 46.0)","('pipelines', 45.0)","('sequencing', 43.0)","('knowledge', 39.0)","('share', 36.0)","('workflows', 36.0)","('workflow-engine', 34.0)","('reproducible', 34.0)","('protein', 34.0)","('portable-package-manager', 32.0)","('collective-knowledge', 32.0)","('collaborative-optimization', 32.0)","('reproducible-science', 31.0)","('annotation', 29.0)","('ngs', 29.0)","('protein-structure', 29.0)","('dna', 28.0)","('variant', 28.0)","('proteomics', 26.0)","('genome-sequencing', 26.0)","('pdb', 26.0)","('robust', 25.0)","('genomes', 24.0)","('rna-seq', 24.0)","('blast', 23.0)","('bam', 23.0)","('vcf', 22.0)","('fastq', 22.0)","('galaxy', 21.0)","('cheminformatics', 20.0)","('htslib', 20.0)","('reproduce', 20.0)","('metagenomics', 20.0)","('fasta', 20.0)","('cancer-genomics', 20.0)","('performance-portability', 20.0)","('reproducibility', 20.0)","('sequence-alignments', 20.0)","('astronomy', 20.0)"
37,105,"('django', 72.0)","('builder', 31.0)","('forms', 30.0)","('form-builder', 24.0)","('dynamic-forms', 13.0)","('django-admin', 12.0)","('mezzanine-page-processor', 11.0)","('form-generator', 11.0)","('django-cms-plugin', 11.0)","('form-designer', 11.0)","('feincms-widget', 11.0)","('wagtail-page', 11.0)","('django-rest-framework-addon', 11.0)","('school', 10.0)","('subjects', 9.0)","('surveys', 9.0)","('survey', 9.0)","('quiz', 8.0)","('ror', 7.0)","('homework', 7.0)","('fremont', 7.0)","('code-homework', 7.0)","('school42', 7.0)","('grading', 7.0)","('norme', 7.0)","('code-question', 7.0)","('django-orm', 7.0)","('course-management', 7.0)","('paris', 7.0)","('multiple-choice', 7.0)","('questionnaire', 6.0)","('django-models', 6.0)","('survey-form', 5.0)","('reusable-app', 5.0)","('angular-surveys', 5.0)","('questionnaire-survey', 5.0)","('foreign-keys', 5.0)","('swappable-models', 5.0)","('swapper', 5.0)","('inheritance', 5.0)","('xmlbuilder', 4.0)","('bootstrap2', 4.0)","('zds', 4.0)","('xpath-query', 4.0)","('java-xmlbuilder', 4.0)","('google-forms', 4.0)","('savoir', 4.0)","('mean-stack', 4.0)","('partage', 4.0)","('typeform', 4.0)"
38,398,"('programming', 124.0)","('learn', 99.0)","('help', 77.0)","('education', 73.0)","('interview', 65.0)","('ee', 61.0)","('teachers', 57.0)","('guide', 57.0)","('enterprise', 56.0)","('edition', 54.0)","('maven', 53.0)","('servlet', 50.0)","('object', 49.0)","('student', 49.0)","('eclipse', 48.0)","('classes', 48.0)","('start', 48.0)","('interview-questions', 47.0)","('jpa', 46.0)","('hibernate', 42.0)","('handling', 41.0)","('fun', 41.0)","('problems', 41.0)","('quick', 40.0)","('articles', 40.0)","('swing', 39.0)","('workshop', 39.0)","('exception', 37.0)","('exercises', 37.0)","('interview-practice', 37.0)","('javaee', 36.0)","('multi', 36.0)","('jsp', 35.0)","('tomcat', 35.0)","('joda', 34.0)","('competitive-programming', 34.0)","('java-students', 33.0)","('java-guru', 33.0)","('java-tutorial', 33.0)","('corejava', 33.0)","('stud-java', 33.0)","('object-oriented-programming', 33.0)","('java-tutorials', 33.0)","('stud-projects', 33.0)","('leetcode', 33.0)","('java-enterprise-edition', 33.0)","('jsf', 30.0)","('learn-to-code', 29.0)","('coding-challenge', 29.0)","('questions', 29.0)"
39,149,"('web', 94.0)","('desktop', 57.0)","('scraping', 26.0)","('mobile-web', 18.0)","('beautifulsoup', 18.0)","('extractor', 16.0)","('smarttv', 16.0)","('translator', 15.0)","('declarative-language', 14.0)","('tv-applications', 14.0)","('smart-tv', 14.0)","('web-ui', 14.0)","('web-template', 14.0)","('frontend-application', 14.0)","('frontend-app', 14.0)","('javafx', 14.0)","('js-template', 14.0)","('tv-apps', 14.0)","('declarative-ui', 14.0)","('scrapy', 13.0)","('xpath-expression', 11.0)","('scrapers', 11.0)","('desktop-notifications', 11.0)","('web-scraping', 11.0)","('growl', 11.0)","('lxml', 11.0)","('hybrid', 11.0)","('snarl', 10.0)","('css-selector', 10.0)","('selector-expression', 10.0)","('notify-send', 9.0)","('terminal-notifier', 9.0)","('anybar', 9.0)","('notifu', 9.0)","('maven-extension', 9.0)","('pushbullet', 9.0)","('reddit-api', 8.0)","('soccer', 8.0)","('football-streams', 8.0)","('webscraping', 8.0)","('highlights', 8.0)","('live-stats', 8.0)","('soccer-matches', 8.0)","('pdfsam', 7.0)","('pdf-split', 7.0)","('pdf-mix', 7.0)","('pdf-rotate', 7.0)","('pdf-extractor', 7.0)","('pdf-merge', 7.0)","('scrapping', 6.0)"
40,599,"('bitcoin', 216.0)","('api', 207.0)","('trading', 143.0)","('exchange', 126.0)","('cryptocurrency', 123.0)","('ethereum', 123.0)","('platform', 121.0)","('blockchain', 106.0)","('market', 97.0)","('stock', 97.0)","('finance', 92.0)","('financial', 83.0)","('payment', 66.0)","('payments', 64.0)","('real-time', 59.0)","('trading-bot', 59.0)","('market-data', 56.0)","('trade', 55.0)","('okcoin', 54.0)","('trading-strategies', 52.0)","('markets', 49.0)","('poloniex', 47.0)","('trading-platform', 47.0)","('forex', 46.0)","('money', 43.0)","('quantitative-finance', 41.0)","('currencies', 41.0)","('arbitrage', 40.0)","('bitfinex', 39.0)","('huobi', 39.0)","('collaborative', 37.0)","('btc', 36.0)","('yunbi', 36.0)","('coinbase', 36.0)","('litecoin', 35.0)","('yahoo', 35.0)","('gdax', 35.0)","('solidity', 35.0)","('frequency', 34.0)","('api-wrapper', 34.0)","('bitstamp', 32.0)","('fintech', 32.0)","('bitcoins', 32.0)","('trading-algorithms', 32.0)","('bittrex', 31.0)","('stock-market', 31.0)","('maker', 30.0)","('financial-data', 30.0)","('paypal', 30.0)","('stripe', 29.0)"
41,467,"('command', 209.0)","('line', 193.0)","('cli', 157.0)","('command-line', 113.0)","('csv', 60.0)","('command-line-tool', 54.0)","('unix', 47.0)","('npm', 46.0)","('ansi', 40.0)","('npm-package', 38.0)","('weather', 33.0)","('homebrew', 33.0)","('join', 32.0)","('tabular-data', 30.0)","('cut', 30.0)","('quotes', 29.0)","('ansi-colors', 28.0)","('tsv', 28.0)","('argument', 28.0)","('csv-files', 28.0)","('commandline', 26.0)","('ascii-art', 25.0)","('translations', 23.0)","('forecast', 23.0)","('internet-speed', 22.0)","('sed', 22.0)","('ascii', 22.0)","('command-line-parser', 22.0)","('tqdm', 22.0)","('command-line-tools', 21.0)","('getopt', 21.0)","('data-cleaning', 21.0)","('statistical-analysis', 20.0)","('csv-reader', 19.0)","('csv-format', 18.0)","('streaming-data', 18.0)","('data-regression', 18.0)","('json-data', 18.0)","('data-processing', 18.0)","('data-reduction', 18.0)","('jokes', 18.0)","('argument-parser', 18.0)","('streaming-algorithms', 18.0)","('option-parser', 18.0)","('subcommands', 17.0)","('python-script', 17.0)","('rate', 16.0)","('song-downloader', 16.0)","('philosophy', 16.0)","('bollywood', 16.0)"
42,182,"('package', 100.0)","('native', 55.0)","('os', 45.0)","('packages', 41.0)","('deb', 38.0)","('rpm', 37.0)","('backend', 28.0)","('sbt', 26.0)","('video-platform', 22.0)","('media-library', 22.0)","('media-services', 22.0)","('kaltura-ce', 22.0)","('kaltura-cluster', 22.0)","('transcoding', 22.0)","('kaltura-platform', 22.0)","('video-recording', 22.0)","('media-platform', 22.0)","('online-video', 22.0)","('video-management', 22.0)","('video-transcoding', 22.0)","('media-management', 22.0)","('video-processing', 22.0)","('cluster-environment', 20.0)","('ovp', 16.0)","('air', 14.0)","('ane', 12.0)","('packager', 10.0)","('pkg', 9.0)","('adobe-native-extention', 9.0)","('adobe-ane', 9.0)","('sbt-plugin', 9.0)","('advertising', 9.0)","('air-ane-ads', 9.0)","('googleads-ane', 9.0)","('flash-admob', 9.0)","('admob-ane', 9.0)","('rpmbuild', 8.0)","('appx', 8.0)","('muon', 7.0)","('electron-updater', 7.0)","('native-packages', 7.0)","('distribution-electron', 7.0)","('sbt-docker', 7.0)","('giter8', 7.0)","('scalafx-framework', 6.0)","('chromebook', 6.0)","('native-page', 6.0)","('ueditor', 6.0)","('scalafx-tutorials', 6.0)","('scalafx', 6.0)"
43,360,"('visualization', 172.0)","('d3', 114.0)","('charts', 114.0)","('chart', 106.0)","('graph', 98.0)","('wrapper', 71.0)","('data-visualization', 68.0)","('interactive', 65.0)","('graphs', 57.0)","('d3js', 47.0)","('dataviz', 47.0)","('visualizations', 39.0)","('charting-library', 34.0)","('polymer', 33.0)","('ggplot2', 32.0)","('graphing', 31.0)","('pie-chart', 29.0)","('diagrams', 28.0)","('charting', 28.0)","('highcharts', 28.0)","('graphviz', 27.0)","('rstats', 27.0)","('plots', 26.0)","('chart-component', 23.0)","('barchart', 23.0)","('pie', 22.0)","('bubble-chart', 22.0)","('reusable', 22.0)","('plotly', 21.0)","('reporting', 21.0)","('heatmap', 20.0)","('diagram', 20.0)","('c3', 19.0)","('cran', 18.0)","('shiny', 18.0)","('area-chart', 18.0)","('pubnub', 17.0)","('linechart', 17.0)","('polymer-element', 16.0)","('web-analytics', 16.0)","('data-table', 16.0)","('radar-chart', 16.0)","('column-chart', 16.0)","('donut', 15.0)","('line-charts', 15.0)","('keen', 15.0)","('bar-graphs', 15.0)","('eon-chart', 15.0)","('sparkline', 14.0)","('analytics-database', 14.0)"
44,164,"('toolkit', 56.0)","('community', 43.0)","('forecasting', 30.0)","('viewer', 29.0)","('risk', 21.0)","('meetup', 18.0)","('webdevelopment', 18.0)","('meetups', 17.0)","('relationships', 16.0)","('study-groups', 15.0)","('silicon-valley', 15.0)","('top-meetups', 14.0)","('journalism', 14.0)","('devrel', 14.0)","('tech-meetups', 14.0)","('meetup-talk', 14.0)","('developer-experience', 14.0)","('sanfrancisco', 14.0)","('bay-area', 14.0)","('ecosystem', 14.0)","('lightning-talk', 14.0)","('lessons', 13.0)","('volatility', 13.0)","('variance', 13.0)","('financial-econometrics', 12.0)","('adf', 12.0)","('df-gls', 12.0)","('model-confidence-set', 12.0)","('dickey-fuller', 12.0)","('multiple-comparison-procedures', 12.0)","('phillips-perron', 12.0)","('unit-root', 12.0)","('reality-check', 12.0)","('arcgis-js', 11.0)","('arcgis-api', 11.0)","('esri-api', 11.0)","('cmv', 11.0)","('dojo-widgets', 11.0)","('esri-javascript-api', 11.0)","('esri-webapp-builder', 11.0)","('esri-js', 11.0)","('arcgis-js-api', 11.0)","('advice', 11.0)","('plants', 10.0)","('tidy', 10.0)","('protest', 9.0)","('coercion-functions', 9.0)","('image-analysis', 9.0)","('tidyquant', 9.0)","('activism', 9.0)"
45,502,"('reverse-engineering', 146.0)","('x86', 139.0)","('compiler', 120.0)","('arm', 110.0)","('binary', 104.0)","('x86-64', 90.0)","('development', 90.0)","('emulator', 83.0)","('disassembler', 78.0)","('assembler', 66.0)","('dynamic', 64.0)","('mips', 63.0)","('engineering', 60.0)","('x64', 60.0)","('powerpc', 57.0)","('ida', 56.0)","('risc-v', 55.0)","('sparc', 55.0)","('binaries', 55.0)","('interpreter', 53.0)","('documentation', 52.0)","('binary-analysis', 51.0)","('programming-language', 51.0)","('operating-system', 50.0)","('asm', 48.0)","('pdp-11', 46.0)","('elf', 44.0)","('mach-o', 43.0)","('pdp-10', 43.0)","('6502', 41.0)","('assembly-language', 41.0)","('linker', 41.0)","('ida-pro', 40.0)","('riscv', 40.0)","('m68k', 40.0)","('capstone', 39.0)","('pro', 38.0)","('aarch64', 38.0)","('arm64', 38.0)","('place', 37.0)","('z80', 37.0)","('virtual-machine', 37.0)","('rop', 36.0)","('jit', 35.0)","('memory-hacking', 35.0)","('libc', 35.0)","('x86-32', 33.0)","('symbolic-execution', 32.0)","('shellcode', 32.0)","('armv7', 32.0)"
46,278,"('minecraft', 136.0)","('mod', 77.0)","('new', 64.0)","('spigot', 62.0)","('bukkit', 60.0)","('forge', 38.0)","('sponge', 35.0)","('minecraft-mod', 32.0)","('program', 30.0)","('modding', 30.0)","('spigot-plugin', 25.0)","('craftbukkit', 24.0)","('space', 24.0)","('bungeecord', 24.0)","('minecraft-server', 24.0)","('mixins', 23.0)","('minecraft-plugin', 23.0)","('fix', 20.0)","('nukkit', 20.0)","('blocks', 20.0)","('minecraft-performance', 20.0)","('literate-programming', 19.0)","('canary', 18.0)","('bukkit-plugin', 18.0)","('minecraft-forge-mod', 18.0)","('minecraft-forge', 17.0)","('spongepowered', 17.0)","('bukkitdev', 16.0)","('teaching', 15.0)","('worldedit', 15.0)","('unit-tested', 14.0)","('minecraft-api', 13.0)","('gradle-kotlin-script', 13.0)","('openbsd', 13.0)","('gradle-kotlin-dsl', 13.0)","('mcp', 13.0)","('liteloader', 13.0)","('neptune', 13.0)","('darwin', 12.0)","('modification', 12.0)","('nukkit-plugin', 12.0)","('mcpe', 12.0)","('premium', 11.0)","('oblivion', 11.0)","('programming-environment', 11.0)","('programming-literacy', 11.0)","('referentially-transparent', 11.0)","('cauldron', 11.0)","('anti', 11.0)","('generic-programming', 11.0)"
47,75,"('support', 54.0)","('manga', 21.0)","('e-hentai', 9.0)","('gesture-zoom', 7.0)","('base64-image', 7.0)","('video-thumbnail', 7.0)","('image-orientation', 7.0)","('image-loader', 7.0)","('apk-icon', 7.0)","('block-display', 7.0)","('doujinshi', 6.0)","('danbooru', 6.0)","('sadpanda', 6.0)","('nhentai', 6.0)","('happypandax', 6.0)","('file-replication', 5.0)","('rsync-wrapper', 5.0)","('exhentai', 5.0)","('unmaintained', 5.0)","('time-control', 5.0)","('sync-files', 5.0)","('myanimelist', 5.0)","('pixiv', 5.0)","('hummingbird', 5.0)","('acl-replication', 5.0)","('booru', 5.0)","('refinements', 4.0)","('mal', 4.0)","('imageboard', 4.0)","('anilist', 4.0)","('custom-enum', 3.0)","('postgres-enum', 3.0)","('turkish-language', 3.0)","('ruby-methods', 3.0)","('kitsu', 3.0)","('jquery-wizard-plugin', 3.0)","('step-wizard', 3.0)","('ecto-extension', 3.0)","('statistics-tracker', 3.0)","('bootstrap-support', 3.0)","('9343', 2.0)","('illuminate', 2.0)","('emoji-support', 2.0)","('hentai', 2.0)","('soft-references', 2.0)","('julia-library', 2.0)","('dai-hentai', 2.0)","('flask-sqlacodegen', 2.0)","('anichart', 2.0)","('cuda-toolkit', 2.0)"
48,211,"('email', 102.0)","('mail', 88.0)","('server', 86.0)","('smtp', 78.0)","('imap', 66.0)","('emails', 41.0)","('postfix', 41.0)","('mime', 39.0)","('dovecot', 35.0)","('pop3', 33.0)","('maildir', 28.0)","('email-sender', 27.0)","('smtp-server', 25.0)","('webmail', 24.0)","('mime-parser', 24.0)","('mailserver', 24.0)","('caldav', 24.0)","('carddav', 22.0)","('dkim', 21.0)","('e-mail', 19.0)","('mbox', 19.0)","('mta', 19.0)","('email-template', 18.0)","('notmuch', 17.0)","('mailgun', 17.0)","('ical', 16.0)","('attachment', 16.0)","('sendmail', 16.0)","('inline', 16.0)","('mutt', 15.0)","('icalendar', 15.0)","('mua', 15.0)","('sogo', 14.0)","('calendars', 14.0)","('email-parsing', 14.0)","('rfc-2047', 14.0)","('nntp', 14.0)","('sieve', 14.0)","('rfc-822', 14.0)","('ncurses', 14.0)","('rfc-5322', 14.0)","('spamassassin', 13.0)","('neomutt', 13.0)","('rspamd', 13.0)","('groupware', 13.0)","('dog', 13.0)","('opendkim', 13.0)","('mandrill', 12.0)","('amavis', 12.0)","('php-imap', 12.0)"
49,640,"('aws', 207.0)","('file', 205.0)","('amazon', 173.0)","('cloud', 167.0)","('s3', 145.0)","('storage', 140.0)","('filesystem', 122.0)","('serverless', 115.0)","('lambda', 113.0)","('service', 112.0)","('manager', 105.0)","('services', 102.0)","('aws-lambda', 95.0)","('backup', 95.0)","('local', 85.0)","('aws-s3', 84.0)","('ftp', 74.0)","('dropbox', 70.0)","('fuse', 67.0)","('ec2', 61.0)","('filemanager', 59.0)","('file-upload', 57.0)","('dynamodb', 57.0)","('sftp', 51.0)","('cloudformation', 50.0)","('gateway', 49.0)","('commands', 49.0)","('webdav', 47.0)","('uploads', 47.0)","('cloud-storage', 47.0)","('iam', 46.0)","('ecs', 45.0)","('rsync', 45.0)","('aws-sdk', 43.0)","('restore', 43.0)","('explorer', 40.0)","('backups', 38.0)","('reference', 37.0)","('rds', 36.0)","('onedrive', 36.0)","('flysystem', 36.0)","('scp', 35.0)","('google-cloud-storage', 35.0)","('s3-storage', 35.0)","('bucket', 35.0)","('file-sharing', 34.0)","('file-explorer', 34.0)","('serverless-architectures', 32.0)","('serverless-framework', 32.0)","('s3-bucket', 31.0)"
50,293,"('set', 77.0)","('common', 69.0)","('structures', 67.0)","('data-structures', 64.0)","('dictionary', 49.0)","('matching', 47.0)","('sort', 45.0)","('levenshtein', 42.0)","('data-structure', 41.0)","('distance', 41.0)","('faster', 37.0)","('dijkstra', 36.0)","('collections', 36.0)","('structure', 34.0)","('regex', 33.0)","('index', 32.0)","('array', 32.0)","('trie', 32.0)","('patterns', 31.0)","('hashmap', 30.0)","('redblacktree', 30.0)","('levenshtein-distance', 29.0)","('jaro-winkler', 28.0)","('optimized', 28.0)","('iterator', 27.0)","('regular-expression', 27.0)","('jaccard', 27.0)","('binary-heap', 27.0)","('principles', 26.0)","('linked-list', 26.0)","('n-gram', 26.0)","('search-algorithm', 25.0)","('doublylinkedlist', 25.0)","('sorting-algorithms', 25.0)","('damerau-levenshtein', 23.0)","('binary-search-tree', 23.0)","('dynamic-programming', 23.0)","('soundex', 23.0)","('priority-queue', 22.0)","('shortest-paths', 22.0)","('avl-tree', 22.0)","('spellcheck', 21.0)","('design-patterns', 21.0)","('glob', 21.0)","('dice', 20.0)","('bfs', 20.0)","('edit', 20.0)","('jaro', 20.0)","('dfs', 20.0)","('multiset', 20.0)"
51,71,"('scripts', 45.0)","('forum', 29.0)","('csharp-script', 10.0)","('unity-communities', 10.0)","('shader-effects', 10.0)","('unity-library', 10.0)","('csharp-library', 10.0)","('csharp-resources', 10.0)","('unity-tutorial', 10.0)","('companion', 10.0)","('csharp-code', 10.0)","('unity-scripts', 10.0)","('thoughts', 9.0)","('unifi', 9.0)","('ubiquiti', 9.0)","('eleaf', 8.0)","('firmware-configuration', 8.0)","('wismec', 8.0)","('arcticfox-firmware', 8.0)","('firmware-updater', 8.0)","('joyetech', 8.0)","('firmware-editor', 8.0)","('csp3', 7.0)","('csp1', 7.0)","('report-uri', 7.0)","('unifi-controller', 7.0)","('csp-directives', 7.0)","('ubnt', 7.0)","('csp2', 7.0)","('csp-parsers', 7.0)","('unifi-docker', 6.0)","('unifi-linux-utils', 6.0)","('browsing-data', 4.0)","('sccm', 4.0)","('lazywinadmin', 4.0)","('electron-process', 4.0)","('exec', 4.0)","('electron-script', 4.0)","('electron-workers', 4.0)","('configmgr', 4.0)","('child-process', 4.0)","('managed-workers', 4.0)","('scsm', 4.0)","('pfsense', 3.0)","('rc-script', 3.0)","('smf', 3.0)","('laravel-forum', 2.0)","('mybb', 2.0)","('range-voting', 2.0)","('hexchat-addons', 2.0)"
52,211,"('theme', 90.0)","('gnome', 82.0)","('gtk', 71.0)","('collection', 53.0)","('gnome-shell', 50.0)","('desktop-environment', 42.0)","('gtk3-theme', 41.0)","('flat', 39.0)","('gtk2-theme', 37.0)","('gtk-theme', 37.0)","('gtk3', 36.0)","('xfce', 35.0)","('xfce-theme', 34.0)","('gtk2', 34.0)","('arc-dark', 32.0)","('mate', 31.0)","('arc-theme', 31.0)","('cinnamon', 30.0)","('i3', 30.0)","('transparent', 27.0)","('gnome-shell-extension', 27.0)","('pantheon', 27.0)","('osx-arc-darker', 26.0)","('kde', 26.0)","('osx-arc-shadow', 26.0)","('osx-arc-collection', 26.0)","('panel', 26.0)","('gnome-shell-theme', 26.0)","('osx-arc-white', 26.0)","('example', 26.0)","('xfwm-theme', 26.0)","('tiling', 26.0)","('xfwm', 26.0)","('elementary', 25.0)","('x11', 24.0)","('metacity-1', 23.0)","('dotfiles', 23.0)","('sierra', 20.0)","('macos-sierra', 20.0)","('openbox', 20.0)","('unity-theme', 19.0)","('linux-theme', 19.0)","('cinnamon-theme', 19.0)","('tiling-window-manager', 17.0)","('os-x', 16.0)","('wayland', 15.0)","('wm', 15.0)","('gregorian-calendar', 15.0)","('jalali-calendar', 15.0)","('persian-calendar', 15.0)"
53,211,"('font', 143.0)","('fonts', 73.0)","('use', 47.0)","('fontawesome', 44.0)","('unicode', 38.0)","('font-awesome', 37.0)","('japanese', 34.0)","('ligatures', 34.0)","('ttf', 32.0)","('popular', 32.0)","('typeface', 32.0)","('icon-font', 29.0)","('font-face', 26.0)","('opentype', 26.0)","('brand', 25.0)","('weather-icons', 23.0)","('glyphs', 23.0)","('material-icons', 23.0)","('monospace-font', 23.0)","('google-material-icons', 23.0)","('svg-icons', 22.0)","('brand-colors', 21.0)","('icon-pack', 20.0)","('modular', 20.0)","('web-fonts', 20.0)","('ionicons', 20.0)","('otf', 20.0)","('logo', 18.0)","('latin', 18.0)","('svg-images', 18.0)","('webfont', 17.0)","('arrows', 17.0)","('iconsets', 17.0)","('svg-files', 17.0)","('design-assets', 17.0)","('font-icons', 17.0)","('brands', 17.0)","('iconset', 16.0)","('branding-assets', 16.0)","('branding', 16.0)","('brand-assets', 16.0)","('custom-fonts', 16.0)","('icon-packs', 16.0)","('company-brands', 16.0)","('arabic', 16.0)","('greek', 16.0)","('dripicons', 15.0)","('google-material', 15.0)","('mathematical-operators', 15.0)","('open-iconic', 15.0)"
54,431,"('open', 265.0)","('source', 252.0)","('free', 106.0)","('open-source', 88.0)","('inventory', 56.0)","('fpga', 41.0)","('license', 40.0)","('dependencies', 35.0)","('package-manager', 34.0)","('verification', 33.0)","('xilinx', 32.0)","('licenses', 31.0)","('email-marketing', 30.0)","('voip', 26.0)","('email-campaigns', 26.0)","('discovery', 26.0)","('marketing', 26.0)","('license-management', 24.0)","('sip', 23.0)","('lattice', 23.0)","('inventory-management', 22.0)","('foss', 22.0)","('altera', 22.0)","('newsletter', 22.0)","('licensing', 21.0)","('faculty', 21.0)","('origin', 21.0)","('copyright', 21.0)","('newsletter-mail', 20.0)","('phplist', 20.0)","('asic', 20.0)","('marketing-emails', 20.0)","('vlsi', 20.0)","('digital-marketing', 20.0)","('newsletters', 20.0)","('vunit', 20.0)","('transactional-emails', 20.0)","('spdx', 20.0)","('diagnostics', 20.0)","('marketing-statistics', 20.0)","('marketing-tools', 20.0)","('amazon-ses', 20.0)","('email-attachments', 20.0)","('bounce-messages', 20.0)","('newsletter-api', 20.0)","('marketing-api', 20.0)","('newsletter-management', 20.0)","('email-marketing-campaigns', 20.0)","('scancode', 19.0)","('assets-management', 19.0)"
55,131,"('python-3', 56.0)","('python-2', 56.0)","('python2', 55.0)","('python3', 53.0)","('bindings', 41.0)","('python-library', 40.0)","('api-client', 23.0)","('python-3-5', 22.0)","('python-wrapper', 18.0)","('python-bindings', 18.0)","('arangodb', 17.0)","('arango', 15.0)","('api-rest', 15.0)","('pythonic', 14.0)","('nosql-database', 14.0)","('python-driver', 14.0)","('nosql-databases', 14.0)","('heaps', 10.0)","('binary-tree', 10.0)","('practise', 10.0)","('binary-trees', 10.0)","('uwsgi', 10.0)","('bst', 10.0)","('uwsgi-nginx', 9.0)","('directories', 8.0)","('http-mocking', 8.0)","('python-flask', 8.0)","('fakeweb', 8.0)","('flask-application', 8.0)","('tdd-utilities', 8.0)","('dynamic-responses', 8.0)","('flask-image', 8.0)","('http-mock', 8.0)","('streaming-response', 8.0)","('httpretty', 8.0)","('fish-shell', 7.0)","('libtcod', 7.0)","('amqp-client', 7.0)","('ctypes', 7.0)","('amqp-connection', 7.0)","('amqp-messages', 7.0)","('python-application', 6.0)","('field-of-view', 6.0)","('tdl', 6.0)","('idiomatic-python', 5.0)","('mpi-library', 5.0)","('mpi-applications', 5.0)","('daemon-mode', 5.0)","('python-box', 5.0)","('ozw', 5.0)"
56,35,"('application', 30.0)","('jar', 15.0)","('butterfaces', 11.0)","('mojarra', 11.0)","('angularfaces', 11.0)","('starters', 11.0)","('omnifaces', 11.0)","('myfaces', 11.0)","('joinfaces', 11.0)","('undertow', 11.0)","('richfaces', 11.0)","('bootsfaces', 11.0)","('redmineup', 2.0)","('ixp-manager', 2.0)","('change-tracker', 2.0)","('mariadb4j-db', 2.0)","('mariadb-native-binaries', 2.0)","('apple-photos', 2.0)","('redminecrm', 2.0)","('application-switching', 2.0)","('iphoto', 2.0)","('run-or-raise', 2.0)","('ixps', 2.0)","('ios-messsenger', 2.0)","('mobile-messenger', 2.0)","('change-management', 2.0)","('cakephp-application', 1.0)","('loadtesting', 1.0)","('bear-sunday', 1.0)","('appops', 1.0)","('ruma', 1.0)","('app-skeleton', 1.0)","('budget-manager', 1.0)","('inesita', 1.0)","('integrant', 1.0)",,,,,,,,,,,,,,,
57,45,"('features', 31.0)","('useful', 21.0)","('text-processing', 21.0)","('linguistics', 21.0)","('linguistic', 21.0)","('n-grams', 21.0)","('computational-linguistics', 21.0)","('complex', 19.0)","('clients', 16.0)","('evaluation-metrics', 15.0)","('search-algorithms', 15.0)","('cql', 15.0)","('folia', 15.0)","('language-modelling', 15.0)","('pineapple', 15.0)","('parsers', 15.0)","('either', 12.0)","('skipgram', 10.0)","('pattern-recognition', 10.0)","('memory-efficient', 10.0)","('jigsaw', 10.0)","('ngrams', 10.0)","('ngram', 10.0)","('modularisation', 7.0)","('jdk9', 7.0)","('java9', 7.0)","('code-examples', 7.0)","('jshell', 7.0)","('jlink', 7.0)","('tshock', 4.0)","('tsapi', 4.0)","('otapi', 4.0)","('terraria-server', 4.0)","('vertextview', 3.0)","('mdp', 3.0)","('paintview', 3.0)","('zte', 3.0)","('markdown-plus', 3.0)","('justwetools', 3.0)","('jigsaw-seed', 3.0)","('markdown-mate', 3.0)","('voyages-sncf', 2.0)","('kable', 1.0)","('language-extensions', 1.0)","('url-encoder', 1.0)",,,,,
58,129,"('framework', 107.0)","('nette', 21.0)","('php-framework', 21.0)","('phalcon', 19.0)","('adapters', 15.0)","('psr-2', 15.0)","('psr-4', 15.0)","('acl', 14.0)","('nette-framework', 13.0)","('psr', 13.0)","('php-scripts', 11.0)","('easyphp', 11.0)","('easy-php', 11.0)","('php-vue', 11.0)","('php-cli', 11.0)","('php-frameworks', 11.0)","('php-learning', 11.0)","('redis-adapter', 10.0)","('mongodb-adapter', 10.0)","('database-adapter', 10.0)","('aerospike-adapter', 10.0)","('mongo-adapter', 10.0)","('incubator', 10.0)","('mysql-adapter', 10.0)","('psr-7', 9.0)","('tracy', 9.0)","('discontinued', 8.0)","('psr-11', 8.0)","('influx', 7.0)","('phalcon-framework', 6.0)","('kapacitor', 6.0)","('mail-panel', 6.0)","('tracy-panel', 6.0)","('nette-component', 6.0)","('nextras', 6.0)","('coupling', 6.0)","('phalcon-php', 5.0)","('influxdb-php-sdk', 5.0)","('chronograf', 5.0)","('influx-data', 5.0)","('nette-application', 5.0)","('phpdoc', 5.0)","('phpstan', 5.0)","('decoupling', 5.0)","('docblock', 5.0)","('doc-comments', 5.0)","('flat-files', 5.0)","('design-by-contracts', 4.0)","('understrap-child', 4.0)","('contracts-programming', 4.0)"
59,191,"('list', 129.0)","('awesome', 102.0)","('resources', 101.0)","('awesome-list', 89.0)","('curated', 88.0)","('projects', 38.0)","('gameboy', 23.0)","('docs', 22.0)","('links', 21.0)","('gameboy-emulator', 19.0)","('cartridge', 19.0)","('nintendo', 19.0)","('emulators', 18.0)","('materials', 18.0)","('gbdk', 17.0)","('gameboy-color-emulator', 17.0)","('gameboy-color', 16.0)","('dmg', 16.0)","('game-boy-development', 16.0)","('linux-desktop', 15.0)","('language-resources', 15.0)","('utf-8', 15.0)","('emojis', 15.0)","('mentions', 14.0)","('distros', 14.0)","('utf-16', 14.0)","('linux-resource', 14.0)","('tech', 14.0)","('unicode-characters', 13.0)","('linux-app', 13.0)","('unicode-standard', 12.0)","('icon-theme', 12.0)","('utf16', 12.0)","('oss-icon', 12.0)","('unicode-consortium', 12.0)","('gui-app', 12.0)","('ubuntu-linux', 12.0)","('freeware-icon', 12.0)","('utf8', 12.0)","('azure-automation', 11.0)","('microsoft-services', 11.0)","('social-networks', 11.0)","('historical-networks', 11.0)","('azure-paas', 11.0)","('azure-machine-learning', 11.0)","('complex-networks', 11.0)","('political-networks', 11.0)","('disease-networks', 11.0)","('windows-azure', 11.0)","('azure-sql-database', 11.0)"
60,202,"('cpp14', 68.0)","('modern', 58.0)","('cpp11', 57.0)","('types', 52.0)","('header-only', 51.0)","('boost', 42.0)","('cplusplus', 33.0)","('c-plus-plus-11', 29.0)","('cpp17', 29.0)","('c-plus-plus-14', 26.0)","('modern-cpp', 25.0)","('msgpack', 25.0)","('metaprogramming', 22.0)","('reflection', 22.0)","('methods', 21.0)","('type-checking', 21.0)","('cplusplus-14', 21.0)","('compile-time', 21.0)","('magic', 20.0)","('c-plus-plus-17', 20.0)","('cbor', 19.0)","('messagepack', 19.0)","('type-safety', 19.0)","('macro', 19.0)","('json-patch', 18.0)","('pinyin', 18.0)","('std', 18.0)","('json-parser', 18.0)","('template-metaprogramming', 18.0)","('json-serialization', 17.0)","('json-pointer', 17.0)","('type-theory', 16.0)","('tuple', 15.0)","('reflections', 15.0)","('rfc-7049', 14.0)","('rfc-6902', 14.0)","('rfc-6901', 14.0)","('tuples', 14.0)","('macros', 14.0)","('reflection-library', 14.0)","('optional', 14.0)","('rfc-7159', 14.0)","('stl-containers', 14.0)","('json-diff', 14.0)","('rtb', 13.0)","('ad-server', 13.0)","('pointer', 13.0)","('hindley-milner', 13.0)","('type-system', 13.0)","('ad-tech', 13.0)"
61,41,"('alternative', 29.0)","('extensible', 17.0)","('sender', 11.0)","('ergonomics', 9.0)","('colour-profiles', 9.0)","('colour-temperature', 9.0)","('darkroom', 9.0)","('scripted', 9.0)","('clut', 9.0)","('cct', 9.0)","('blueshift', 9.0)","('java-client', 8.0)","('german', 8.0)","('als', 8.0)","('mediathek', 8.0)","('mediathekview', 8.0)","('zdf', 8.0)","('ard', 8.0)","('jquery-jsontotable', 4.0)","('data-transfer', 4.0)","('transmit-data', 4.0)","('table-converter', 4.0)","('wxchat', 3.0)","('zabbix-alert', 3.0)","('send-to-a-friend', 3.0)","('glype', 2.0)","('mosql', 2.0)","('wox', 2.0)","('php-proxy', 2.0)","('launchy', 2.0)","('delphinus', 2.0)","('mongo-sql', 2.0)","('packagemanager', 2.0)","('wejs', 1.0)","('gdx-setup', 1.0)","('pext', 1.0)","('oryol', 1.0)","('activitywatch', 1.0)","('prettyprinter', 1.0)","('editline', 1.0)","('vorlon', 1.0)",,,,,,,,,
62,176,"('nodejs', 102.0)","('node', 80.0)","('function', 34.0)","('nothing', 22.0)","('noop', 21.0)","('unicorns', 18.0)","('goats', 18.0)","('nada', 17.0)","('noooooooooooooooooooooop', 17.0)","('comon', 17.0)","('not-serious', 17.0)","('moot', 17.0)","('som-tam', 17.0)","('joke', 17.0)","('cant-you-tell', 17.0)","('supreme', 17.0)","('nothingness', 17.0)","('carrots', 17.0)","('supreme-nothingness', 17.0)","('property', 13.0)","('control-flow', 12.0)","('obfuscation', 12.0)","('obfuscate', 11.0)","('js-obfuscator', 10.0)","('flattening', 10.0)","('literal', 10.0)","('obfuscator', 10.0)","('mangle', 10.0)","('javascript-obfuscator', 10.0)","('accessor', 9.0)","('typeof', 8.0)","('nested-properties', 8.0)","('property-accessors', 8.0)","('nested-objects', 8.0)","('keypath', 8.0)","('deeply-nested', 8.0)","('setup-twitter', 7.0)","('twitter-keys', 7.0)","('twitter-application', 7.0)","('nowsh', 7.0)","('twitter-account', 7.0)","('now-cli', 7.0)","('twitter-bot-bootstrap', 7.0)","('pty', 5.0)","('ironically-shitty', 5.0)","('left-pad-level-dumb-module', 5.0)","('satire', 5.0)","('i-cant-believe-its-not-butter', 5.0)","('accept-language', 4.0)","('accept-charset', 4.0)"
63,70,"('script', 53.0)","('compile', 30.0)","('changes', 24.0)","('shell-script', 21.0)","('shell-scripts', 20.0)","('shellscript', 18.0)","('converter', 18.0)","('file-watchers', 16.0)","('tcsh', 15.0)","('tsh', 15.0)","('shc', 15.0)","('rc', 15.0)","('ksh', 15.0)","('rsh', 15.0)","('bsh', 15.0)","('ash', 15.0)","('csh', 15.0)","('sh', 15.0)","('folder', 13.0)","('watch-files', 12.0)","('filewatcher', 11.0)","('inotify', 11.0)","('watch-compiler', 10.0)","('less-watcher', 10.0)","('css-files', 10.0)","('less-plugin', 10.0)","('less-compiler', 10.0)","('restart', 10.0)","('monitor-changes', 9.0)","('paths', 8.0)","('windows-api', 8.0)","('watchfolder', 8.0)","('shell-scripting', 5.0)","('scripts-collection', 5.0)","('class-diagram', 4.0)","('gitignore-generator', 4.0)","('watches', 4.0)","('go-tools', 4.0)","('gitignore-templates', 4.0)","('automated-rom-building', 4.0)","('swift-files', 4.0)","('rom-sync', 4.0)","('entity-diagram', 4.0)","('useful-scripts', 4.0)","('android-rom', 4.0)","('show-duplicate-java-classes', 4.0)","('gitignore-files', 4.0)","('ruby-script', 4.0)","('rom-sync-build', 4.0)","('tockins', 4.0)"
64,90,"('objects', 59.0)","('method', 55.0)","('find', 53.0)","('kernel', 51.0)","('values', 51.0)","('class', 51.0)","('expressions', 49.0)","('bin', 49.0)","('computer', 49.0)","('case', 48.0)","('observer', 48.0)","('record', 48.0)","('feature', 48.0)","('instructions', 47.0)","('people', 47.0)","('extract', 47.0)","('body', 47.0)","('pick', 47.0)","('count', 47.0)","('relative', 47.0)","('maximum', 47.0)","('motion', 47.0)","('field', 47.0)","('human', 46.0)","('main', 46.0)","('categories', 46.0)","('gender', 46.0)","('frame', 46.0)","('measure', 46.0)","('dimensions', 46.0)","('students', 46.0)","('step', 46.0)","('bayes', 46.0)","('restrictions', 46.0)","('pooling', 46.0)","('directions', 46.0)","('frames', 46.0)","('plot', 46.0)","('cases', 46.0)","('descriptor', 46.0)","('categorized', 46.0)","('angle', 46.0)","('split', 46.0)","('inputs', 46.0)","('histogram', 46.0)","('average', 46.0)","('resolution', 46.0)","('flatten', 7.0)","('unflatten', 6.0)","('prodis', 6.0)"
65,153,"('government', 48.0)","('portal', 45.0)","('global', 43.0)","('open-data', 40.0)","('available', 38.0)","('md', 38.0)","('readme', 37.0)","('transparency', 36.0)","('processes', 35.0)","('us', 35.0)","('developers', 33.0)","('dms', 31.0)","('solutions', 30.0)","('technology', 30.0)","('city', 28.0)","('insights', 28.0)","('academia', 28.0)","('visitor', 27.0)","('citizen', 27.0)","('recommendations', 27.0)","('citizens', 27.0)","('first', 27.0)","('future', 27.0)","('growing', 27.0)","('india', 27.0)","('develop', 27.0)","('instance', 27.0)","('beta', 27.0)","('organization', 27.0)","('open-science', 25.0)","('civic-tech', 23.0)","('civictech', 22.0)","('democracy', 22.0)","('mysociety', 19.0)","('uk', 17.0)","('chicago', 16.0)","('research-data-repository', 15.0)","('digital-library', 15.0)","('inveniosoftware', 15.0)","('invenio', 15.0)","('research-data-management', 15.0)","('socrata', 13.0)","('freedom', 13.0)","('cern', 12.0)","('right-to-know', 11.0)","('rtk', 11.0)","('jni', 11.0)","('research-data', 11.0)","('foi', 11.0)","('political', 11.0)"
66,49,"('transportation', 25.0)","('routing', 23.0)","('public-transportation', 16.0)","('routing-algorithm', 15.0)","('reliable-routing', 15.0)","('stochastic-models', 15.0)","('shortest-path-routing-algorithm', 15.0)","('pathfinding-algorithm', 15.0)","('arrival', 15.0)","('shortest-path-problem', 15.0)","('transportation-problem', 15.0)","('shortest-pathfinding-algorithm', 15.0)","('stochastic-dynamic-programming', 15.0)","('dijkstra-shortest-path', 15.0)","('a-star', 15.0)","('transportation-planning', 15.0)","('transportation-network', 15.0)","('deprecated', 11.0)","('singapore', 10.0)","('bus-timing', 9.0)","('buses', 9.0)","('gtfs', 9.0)","('bus-number', 9.0)","('bus-arrival', 9.0)","('bus-stop', 9.0)","('bus-services', 9.0)","('bus-station', 9.0)","('navitia', 7.0)","('hafas', 4.0)","('unleash', 4.0)","('journey-planner', 4.0)","('efa', 4.0)","('trip-planner', 4.0)","('journey', 3.0)","('seller', 3.0)","('gtfsdb', 3.0)","('buyer', 3.0)","('antvel', 3.0)","('request-uri', 1.0)","('yii-widgets', 1.0)","('ipdb', 1.0)","('node-twilio', 1.0)","('kiwix', 1.0)","('chassis', 1.0)","('graalvm', 1.0)","('offramp', 1.0)","('silk-routes', 1.0)","('vip-quickstart', 1.0)","('webuild', 1.0)",
67,103,"('golang', 95.0)","('golang-library', 19.0)","('golang-tools', 14.0)","('expose', 14.0)","('golang-examples', 13.0)","('golang-package', 12.0)","('golang-wrapper', 12.0)","('tinder-api', 12.0)","('tinder-ui', 11.0)","('golang-sdk', 11.0)","('golang-application', 11.0)","('friends', 11.0)","('manifest', 6.0)","('distributed-crawler', 6.0)","('sqlmap-sqltemplate', 5.0)","('high-concurrency-crawler', 5.0)","('orm-xorm', 5.0)","('ibatis-sql', 5.0)","('cross-platform-crawler', 5.0)","('multi-interface', 5.0)","('fastest-crawler', 5.0)","('sql-orm', 5.0)","('zsocket', 4.0)","('ff3', 4.0)","('ff1', 4.0)","('scep', 4.0)","('format-preserving-encryption', 4.0)","('playlist-generator', 4.0)","('m3u8-playlist', 4.0)","('ndes', 4.0)","('playlist-parser', 4.0)","('network-programming', 4.0)","('scep-client', 4.0)","('fpe', 4.0)","('zero-copy', 4.0)","('software-defined-network', 4.0)","('scep-server', 4.0)","('gogo', 3.0)","('model-mapper', 3.0)","('delay-queue', 3.0)","('iris-golang', 3.0)","('iris-examples', 3.0)","('delayed-job', 3.0)","('delayqueue', 3.0)","('go-model', 3.0)","('gencode', 3.0)","('colfer', 3.0)","('qqwry', 3.0)","('grequests', 2.0)","('baseapp', 2.0)"
68,84,"('hpc', 51.0)","('mpi', 43.0)","('infiniband', 30.0)","('rdma', 30.0)","('x', 27.0)","('pgas', 21.0)","('batch', 21.0)","('iwarp', 18.0)","('roce', 18.0)","('shared', 18.0)","('execute', 18.0)","('fem', 17.0)","('cray', 17.0)","('verbs', 17.0)","('gov', 17.0)","('multiphysics', 17.0)","('azure-functions', 17.0)","('batch-processing', 17.0)","('shared-memory', 16.0)","('linking', 15.0)","('glusterfs', 15.0)","('gemini', 15.0)","('nvidia-docker', 15.0)","('openshmem', 15.0)","('azure-batch', 15.0)","('aries', 15.0)","('smb', 15.0)","('nfs', 15.0)","('shmem', 15.0)","('workloads', 15.0)","('finite-elements', 14.0)","('acoustics', 13.0)","('elmergui', 11.0)","('electromagnetics', 11.0)","('elmersolver', 11.0)","('elmergrid', 11.0)","('structural-mechanics', 11.0)","('finite-element-methods', 11.0)","('fluid-mechanics', 11.0)","('earthquakes', 10.0)","('seismic', 9.0)","('daemons', 8.0)","('extensibility', 8.0)","('coarray', 7.0)","('caf', 7.0)","('openquake', 7.0)","('hazard-assessment', 7.0)","('risk-analysis', 7.0)","('coarray-fortran', 7.0)","('easier-than-mpi', 7.0)"
69,203,"('business', 72.0)","('opensource', 62.0)","('erp', 49.0)","('accounting', 48.0)","('manage', 47.0)","('crm', 46.0)","('time', 45.0)","('powerful', 43.0)","('access', 34.0)","('medium', 34.0)","('orders', 34.0)","('foundation', 31.0)","('invoices', 30.0)","('web-app', 29.0)","('sales', 28.0)","('report', 27.0)","('invoicing', 27.0)","('quotations', 27.0)","('companies', 25.0)","('company', 24.0)","('jasperreports', 23.0)","('proposal', 23.0)","('time-series-analysis', 22.0)","('billing', 22.0)","('bpmn', 22.0)","('dojo', 20.0)","('dolibarr-erp', 20.0)","('php-language', 20.0)","('suppliers', 20.0)","('bi', 20.0)","('human-resource-managment', 20.0)","('struts2', 20.0)","('agenda', 20.0)","('swot-analysis', 19.0)","('kpi', 19.0)","('pdca', 19.0)","('strategic-management', 19.0)","('swot', 19.0)","('plan-do-check-action', 19.0)","('arima', 19.0)","('kpi-report', 19.0)","('bsc-vision', 19.0)","('bsc', 19.0)","('balanced-scorecard', 19.0)","('graphical', 17.0)","('manufacturing', 16.0)","('bpm', 15.0)","('ecto', 14.0)","('process-engine', 14.0)","('stop', 14.0)"
70,188,"('electron', 72.0)","('state', 44.0)","('systems', 42.0)","('generation', 32.0)","('clojurescript', 31.0)","('reagent', 23.0)","('state-machine', 22.0)","('developer-tools', 22.0)","('nlg', 20.0)","('natural-language-generation', 20.0)","('cider', 19.0)","('arm-cortex-m7', 19.0)","('arm-cortex-m3', 19.0)","('arm-cortex-m0', 19.0)","('arm-cortex-m4f', 19.0)","('re-frame', 19.0)","('cljs', 19.0)","('dialogue', 17.0)","('group', 15.0)","('hooks', 14.0)","('re-frisk', 14.0)","('clj', 13.0)","('statechart', 13.0)","('leiningen', 13.0)","('uml-state-machine', 12.0)","('qp', 12.0)","('pomodoro', 12.0)","('samek', 12.0)","('hierarchical-state-machine', 12.0)","('active-object', 12.0)","('figwheel', 12.0)","('om', 11.0)","('rouge', 10.0)","('r8c', 10.0)","('pic24', 10.0)","('m16c', 10.0)","('task-oriented-dialogue', 10.0)","('bleu', 10.0)","('watch-events', 10.0)","('cookies', 10.0)","('skip-thought-vectors', 10.0)","('frisk-debugger', 10.0)","('benchmark-datasets', 10.0)","('rouge-l', 10.0)","('dialogue-systems', 10.0)","('cambridge', 10.0)","('nc30', 10.0)","('frisk', 10.0)","('rx600', 10.0)","('xc16', 10.0)"
71,201,"('color', 99.0)","('sketch', 61.0)","('sketch-plugin', 51.0)","('colors', 48.0)","('palette', 41.0)","('photoshop', 30.0)","('sketch-app', 27.0)","('hex', 26.0)","('color-picker', 26.0)","('design-tools', 25.0)","('colour', 24.0)","('hsl', 23.0)","('arrays', 21.0)","('color-palette', 21.0)","('scale', 20.0)","('palettes', 20.0)","('layers', 19.0)","('illustrator', 18.0)","('ease', 17.0)","('replace', 17.0)","('sketchapp', 17.0)","('gradients', 17.0)","('adobe', 15.0)","('scales', 15.0)","('sense', 15.0)","('designs', 14.0)","('dictionaries', 14.0)","('prototyping', 14.0)","('colours', 14.0)","('chroma', 13.0)","('exports', 13.0)","('cielab', 13.0)","('colorful', 12.0)","('nscolor', 12.0)","('pngs', 12.0)","('mixin', 12.0)","('color-scale', 11.0)","('hex-strings', 11.0)","('artboards', 11.0)","('enhance', 11.0)","('perceptual', 11.0)","('tetrad', 11.0)","('sketch-plugins', 11.0)","('triad', 11.0)","('ciexyz', 11.0)","('illuminants', 11.0)","('bookmarklet', 11.0)","('color-modes', 11.0)","('hue-shift', 11.0)","('chromatic-adaptation', 11.0)"
72,37,"('book', 25.0)","('track', 23.0)","('keep', 19.0)","('health', 16.0)","('daily-dozen', 15.0)","('food-tracker', 15.0)","('nutrition-information', 15.0)","('nutrition', 15.0)","('food', 15.0)","('health-tracker-application', 15.0)","('healthy-eating-calendar', 15.0)","('nutritionfacts', 15.0)","('newbiefriendly', 15.0)","('serving-recommendation', 15.0)","('servings', 15.0)","('how-not-to-die', 15.0)","('trueskill', 6.0)","('elo', 5.0)","('table-tennis', 5.0)","('player-game', 5.0)","('foosball', 5.0)","('babies', 3.0)","('alphabets', 3.0)","('speeches', 3.0)","('transcripts', 3.0)","('bookiza', 3.0)","('internet-archive', 2.0)","('library-catalogue', 2.0)","('data-scraping', 2.0)","('pro-git', 1.0)","('docs-generator', 1.0)","('francais', 1.0)","('tapiriik', 1.0)","('theoretical-physics', 1.0)","('old-experiment', 1.0)","('vasp', 1.0)","('rating-system', 1.0)",,,,,,,,,,,,,
73,75,"('easy', 47.0)","('emoji', 27.0)","('country', 25.0)","('country-flags', 17.0)","('telephone', 16.0)","('phonenumber', 16.0)","('country-codes', 16.0)","('twitter-emoji', 16.0)","('countryspinner', 15.0)","('ccp', 15.0)","('telephone-number', 15.0)","('andriod-country-spinner', 15.0)","('country-preference', 15.0)","('country-picker', 15.0)","('country-spinner', 15.0)","('phonecode', 15.0)","('country-selector', 15.0)","('phonecode-spinner', 15.0)","('emoji-keyboard', 14.0)","('flags', 14.0)","('emojione', 12.0)","('emoticons', 11.0)","('ios-emojis', 10.0)","('color-font', 9.0)","('samsung-emoji', 8.0)","('android-keyboard', 8.0)","('gif-keyboard', 8.0)","('svginot', 8.0)","('facebook-emoji', 8.0)","('emoji-svginot-font', 8.0)","('giphy', 8.0)","('color-emoji', 8.0)","('artwork', 6.0)","('emoji-unicode', 6.0)","('json-logging', 5.0)","('emojicon', 5.0)","('supernova-emoji', 5.0)","('emoji-font', 5.0)","('logger-events', 5.0)","('apache-logging', 5.0)","('logger-middleware', 5.0)","('http-logger', 5.0)","('emoji-icons', 4.0)","('emoji-sprite', 4.0)","('emojigif', 3.0)","('icon-css', 3.0)","('rinvex', 3.0)","('daybreak', 2.0)","('wia', 2.0)","('wia-driver', 2.0)"
74,131,"('xpath', 39.0)","('polyfill', 35.0)","('browsers', 34.0)","('selector', 34.0)","('update', 34.0)","('element-queries', 30.0)","('container-queries', 29.0)","('reprocessor', 29.0)","('css-reprocessor', 29.0)","('scoped-css', 29.0)","('variables', 22.0)","('xml-parser', 21.0)","('xpath-selectors', 21.0)","('ie8', 20.0)","('selectors', 19.0)","('parent', 18.0)","('scoped', 18.0)","('max-width', 18.0)","('min-width', 18.0)","('scoped-selectors', 17.0)","('eqcss', 17.0)","('meta-selector', 17.0)","('parent-selector', 17.0)","('eval', 17.0)","('cssplus', 16.0)","('scrollery', 16.0)","('aspect-ratio', 16.0)","('varsity', 16.0)","('cursory', 16.0)","('css-variables', 16.0)","('js-in-css', 16.0)","('selectory', 16.0)","('html-parser', 14.0)","('stylesheet', 11.0)","('domdocument', 11.0)","('pushstate', 9.0)","('cssom', 7.0)","('xml-parsing', 7.0)","('mobile-selector', 6.0)","('mobile-component', 6.0)","('css-selectors', 6.0)","('html-parsing', 6.0)","('css-crud', 6.0)","('ie7', 6.0)","('ie6', 6.0)","('mobile-select', 6.0)","('convert-js', 6.0)","('cssobj', 6.0)","('dynamic-style', 6.0)","('xml-js', 6.0)"
75,2,"('apkshell', 1.0)","('andresguard', 1.0)",,,,,,,,,,,,,,,,,,,,,,,,,,,,,,,,,,,,,,,,,,,,,,,,
76,78,"('module', 42.0)","('conversion', 23.0)","('ast', 20.0)","('commonmark', 19.0)","('markdown-parser', 19.0)","('markdown-to-html', 18.0)","('markdown-flavors', 18.0)","('markdown-processor', 16.0)","('emulation', 16.0)","('html-to-markdown', 16.0)","('level', 15.0)","('conversions', 14.0)","('multimarkdown', 14.0)","('pegdown', 14.0)","('markdown-to-pdf', 14.0)","('markdown-conversion', 14.0)","('gfm', 10.0)","('framer', 8.0)","('framer-studio', 8.0)","('framer-prototype', 8.0)","('conv', 6.0)","('commonmark-parsing', 6.0)","('string-conversion', 6.0)","('conversion-functions', 6.0)","('framer-resources', 6.0)","('framer-component', 6.0)","('strconv', 6.0)","('framerjs', 6.0)","('time-conversion', 6.0)","('appcelerator', 6.0)","('markdown-extra', 4.0)","('lmod', 4.0)","('titanium-mobile', 4.0)","('framer-modules', 4.0)","('appcelerator-titanium', 4.0)","('xsede', 4.0)","('titanium-module', 4.0)","('framer-snippets', 4.0)","('environment-modules', 4.0)","('tacc', 4.0)","('lba-chs', 3.0)","('temperature-units', 3.0)","('storage-conversion', 3.0)","('to-markdown', 3.0)","('showdown', 3.0)","('mupen64plus', 3.0)","('unit-math', 3.0)","('cst', 3.0)","('unist', 3.0)","('storage-unit-converter', 3.0)"
77,67,"('simple', 61.0)","('java-virtual-machine', 7.0)","('finite-volume', 7.0)","('signaling', 7.0)","('advection', 7.0)","('finite-volume-methods', 7.0)","('multigrid', 7.0)","('astrophysical-simulation', 7.0)","('pyro', 7.0)","('hydrodynamics', 7.0)","('webrtc-signaling', 6.0)","('signal', 6.0)","('java-classloader', 5.0)","('nextrtc', 5.0)","('classloader-leaks', 5.0)","('webrtc-libraries', 5.0)","('delegation-mode', 5.0)","('classloader', 5.0)","('userspace-networking', 4.0)","('userspace-driver', 3.0)","('gitter-cli', 3.0)","('chat-board', 3.0)","('nfv-framework', 3.0)","('cuda-kernels', 3.0)","('cuda-device', 3.0)","('hemi', 3.0)","('gitter-client', 3.0)","('palava', 2.0)","('adcountview', 2.0)","('clipboard-management', 2.0)","('dynamic-proxy', 2.0)","('sorting-interface', 2.0)","('organization-chart', 2.0)","('natural-sort', 2.0)","('configuration-parser', 2.0)","('python-gnupg', 2.0)","('clipboard-buffer', 2.0)","('transparent-widget', 2.0)","('orgchart', 2.0)","('transparent-toobar', 2.0)","('byte-code', 2.0)","('sipjs', 2.0)","('countview', 2.0)","('ua-parser', 1.0)","('signal-cli', 1.0)","('foursquare-library', 1.0)","('scribejava', 1.0)","('php-router', 1.0)","('socket-api', 1.0)","('space-jekyll', 1.0)"
78,52,"('interface', 46.0)","('perfect', 9.0)","('rpi-camera', 8.0)","('objects-speed', 8.0)","('webcam-capture', 8.0)","('template-match', 8.0)","('speed-cam', 8.0)","('mph', 8.0)","('kph', 8.0)","('raspberry-pi-computer', 8.0)","('tibia', 5.0)","('filetransfer', 4.0)","('wave-view', 4.0)","('adobe-flex', 4.0)","('zeroclipboard', 4.0)","('apache-flex', 4.0)","('profile-ui', 4.0)","('tides', 4.0)","('server-query', 4.0)","('adobe-flash', 4.0)","('funky-cuts', 4.0)","('opentibia', 4.0)","('client-query', 4.0)","('otserv', 4.0)","('otclient', 4.0)","('ts3', 4.0)","('parsing-engine', 3.0)","('model-form', 3.0)","('model-tree', 3.0)","('heroku-connect', 3.0)","('model-grid', 3.0)","('diet', 3.0)","('salesforce-bulk', 3.0)","('earley', 3.0)","('remi', 3.0)","('bulk-api', 3.0)","('lalr', 3.0)","('jodel', 2.0)","('jodel-api', 2.0)","('wrapper-generator', 1.0)","('macaca', 1.0)","('seasonal-adjustment', 1.0)","('asin', 1.0)","('combustion', 1.0)","('dnajs', 1.0)","('notetaker', 1.0)","('openvpn-admin', 1.0)","('unofficial-apis', 1.0)","('pixelperfectcss', 1.0)","('c-ares', 1.0)"
79,49,"('like', 32.0)","('collaboration', 28.0)","('document-management', 17.0)","('mobility', 16.0)","('cmis', 16.0)","('nuxeo', 16.0)","('opencms', 16.0)","('synchronize', 16.0)","('magnolia', 16.0)","('sharepoint', 16.0)","('sap-hana', 16.0)","('ecm', 16.0)","('opentext', 16.0)","('alfresco', 16.0)","('documentum', 16.0)","('filenet', 16.0)","('ibm-connections', 16.0)","('operational-transformation', 13.0)","('gwt', 9.0)","('storage-platform', 6.0)","('swellrt', 6.0)","('jsinterop', 6.0)","('javascript-client', 6.0)","('rizzoma', 3.0)","('rizzoma-collaboration-platform', 3.0)","('ocamlbuild', 3.0)","('java-web-filter', 3.0)","('oasis', 3.0)","('omake', 3.0)","('shared-editing', 3.0)","('yjs', 3.0)","('rewrite-urls', 3.0)","('mod-rewrite', 3.0)","('operational-transform', 2.0)","('defun', 2.0)","('npm-link', 2.0)","('realtime-editing', 2.0)","('documents-manager', 2.0)","('clojure-functions', 2.0)","('yarn-link', 2.0)","('umeditor', 1.0)","('dashbuilder', 1.0)","('hackmd', 1.0)","('javapoet', 1.0)","('gwt-eclipse-plugin', 1.0)","('button-animation', 1.0)","('maven-archetypes', 1.0)","('html-parser-library', 1.0)","('easyphp-swoole', 1.0)",
80,61,"('applications', 31.0)","('large', 28.0)","('remove', 25.0)","('cleaner', 24.0)","('application-manager', 17.0)","('bcuninstaller', 17.0)","('bulk-uninstall', 17.0)","('uninstaller', 17.0)","('msi', 17.0)","('detects-applications', 17.0)","('application-uninstaller', 17.0)","('bulk-crap-uninstaller', 17.0)","('leftovers', 17.0)","('windows-app', 17.0)","('bcu', 17.0)","('windows-forms', 17.0)","('bulk-actions', 17.0)","('unattended-uninstall', 17.0)","('minimal', 17.0)","('disk-space', 9.0)","('cleanup', 8.0)","('wasm', 6.0)","('enterprise-environment', 5.0)","('module-clean', 5.0)","('angularjs-yeoman-generator', 4.0)","('virtual-dom-library', 4.0)","('generator-angm', 4.0)","('subgenerator', 4.0)","('asm-dom', 4.0)","('disk-cleaner', 4.0)","('ticker-data', 3.0)","('identitykey', 3.0)","('non-kde', 3.0)","('disk-space-analyzer', 3.0)","('siridb', 3.0)","('siridb-server', 3.0)","('ocsigen', 3.0)","('sshconfig', 3.0)","('thx-team', 2.0)","('antiforensics', 2.0)","('magix', 2.0)","('look-and-feel', 2.0)","('wasm-framework', 2.0)","('twtxt', 2.0)","('tierless', 2.0)","('css-transforms', 2.0)","('weblaf', 2.0)","('twtxt-client', 2.0)","('powershell-scripts', 2.0)","('off-canvas-menu', 2.0)"
81,121,"('library', 109.0)","('iota', 10.0)","('geoserver', 9.0)","('procedures', 8.0)","('neo4j-procedures', 8.0)","('geotools', 7.0)","('neo4j-spatial-plugin', 7.0)","('neo4j-database', 7.0)","('spatial-data', 7.0)","('balanced-ternary', 5.0)","('iota-javascript-library', 5.0)","('tangle', 5.0)","('iota-library', 5.0)","('fuzzylite', 4.0)","('jpush', 4.0)","('sitemap-files', 4.0)","('unstructured-data', 4.0)","('sitemap-php', 4.0)","('mdanalysis', 4.0)","('fuzzy-logic-control', 4.0)","('extract-information', 4.0)","('parse-strings', 4.0)","('arrayfire-library', 4.0)","('trajectory-analysis', 4.0)","('generating-sitemaps', 4.0)","('google-sitemap', 4.0)","('cuda-backend', 4.0)","('opencl-backend', 4.0)","('arrayfire', 4.0)","('soft-computing', 4.0)","('molecular-simulation', 4.0)","('fuzzy-logic', 4.0)","('grok', 4.0)","('molecular-dynamics-simulation', 4.0)","('java-interface', 3.0)","('calendar-dates', 3.0)","('iota-reference', 3.0)","('eet', 3.0)","('js-interface', 3.0)","('iota-core', 3.0)","('directui', 3.0)","('mutable-objects', 3.0)","('flyme', 3.0)","('point-clouds', 3.0)","('kd-trees', 3.0)","('eet-client', 3.0)","('rfc3164', 3.0)","('gsx-api', 3.0)","('czech-republic', 3.0)","('rfc6587', 3.0)"
82,108,"('rss', 79.0)","('reader', 46.0)","('feeds', 45.0)","('rss-reader', 39.0)","('news', 29.0)","('aggregator', 28.0)","('news-feed', 26.0)","('build', 25.0)","('web-based', 23.0)","('getstream', 22.0)","('feed-reader', 21.0)","('rss-aggregator', 18.0)","('news-aggregator', 16.0)","('rss-feed', 15.0)","('atom-feed', 15.0)","('notification-feed', 14.0)","('activity-feed', 14.0)","('rss-feed-parser', 14.0)","('atom-feed-parser', 14.0)","('jsonfeed', 13.0)","('getstream-io', 13.0)","('aggregation', 12.0)","('bit', 11.0)","('try', 11.0)","('planet', 11.0)","('ini', 10.0)","('microformats', 9.0)","('feedparser', 9.0)","('webfeed', 9.0)","('personalization', 9.0)","('hentry', 9.0)","('newsreader', 9.0)","('normalizer', 9.0)","('feedtxt', 9.0)","('feed-personalization', 9.0)","('newsfeed', 9.0)","('hfeed', 9.0)","('feedly', 8.0)","('atom-reader', 8.0)","('stream-node-orm', 8.0)","('webbased', 8.0)","('syndication', 8.0)","('news-reader', 8.0)","('waterline', 8.0)","('selfoss', 8.0)","('mashup', 8.0)","('feed-parser', 8.0)","('dublin-core', 8.0)","('planetplanet', 7.0)","('newspipe', 7.0)"
83,87,"('adapter', 28.0)","('user', 27.0)","('experience', 26.0)","('viewholder', 25.0)","('quantum', 22.0)","('improve', 22.0)","('quantum-computing', 21.0)","('headers', 21.0)","('sticky-headers', 20.0)","('fastscroll', 18.0)","('endless-scroll', 18.0)","('versatile', 18.0)","('multi-select', 18.0)","('footers', 18.0)","('actionmode', 16.0)","('undo', 16.0)","('selection-coherence', 16.0)","('collapsable', 16.0)","('search-filters', 16.0)","('circuits', 15.0)","('circuit', 14.0)","('quantum-information', 11.0)","('gate', 11.0)","('limited', 9.0)","('splash', 9.0)","('swipable', 9.0)","('qiskit', 9.0)","('fastscroll-recyclerview', 9.0)","('base-util', 8.0)","('base-adapter', 8.0)","('baseadapter', 8.0)","('basedialog', 8.0)","('basefragment', 8.0)","('baseactivity', 8.0)","('sympy', 7.0)","('circuit-simulation', 7.0)","('qubits', 7.0)","('ibm-quantum-experience', 7.0)","('spice', 7.0)","('ibm-syntax', 7.0)","('ibmqx', 6.0)","('omi', 6.0)","('quantum-optics', 6.0)","('quantum-toolbox', 6.0)","('linear-time-invariant', 6.0)","('qutip', 6.0)","('nodal-analysis', 6.0)","('quantum-mechanics', 6.0)","('omi-cli', 5.0)","('template-string', 5.0)"
84,61,"('ghost', 37.0)","('make', 33.0)","('javascript-library', 27.0)","('tricks', 21.0)","('cat', 20.0)","('rabbit', 19.0)","('spongebob', 19.0)","('bravo', 19.0)","('piqiu', 19.0)","('funny', 19.0)","('pranks', 19.0)","('piggy', 19.0)","('sonic', 19.0)","('pikachu', 19.0)","('salamander', 19.0)","('psyduck', 19.0)","('easter-egg', 19.0)","('doggy', 19.0)","('air-guitar', 19.0)","('homer', 19.0)","('regular-show', 19.0)","('nextcloud', 17.0)","('alpine-linux', 16.0)","('piwik', 16.0)","('cowrie', 16.0)","('searx', 16.0)","('flood', 16.0)","('boringssl', 16.0)","('rtorrent', 16.0)","('libresonic', 16.0)","('boinc', 16.0)","('mastodon', 16.0)","('privatebin', 16.0)","('lychee', 16.0)","('kippo-graph', 16.0)","('isso', 16.0)","('tinper', 3.0)","('iuap-design', 3.0)","('kero', 3.0)","('ghost-foundation', 2.0)","('kickoff', 2.0)","('statix', 2.0)","('pprint', 2.0)","('realtime-picture', 2.0)","('playsinline', 2.0)","('earth-wallpaper', 2.0)","('feature-detection', 2.0)","('beeprint', 2.0)","('autoplaying-videos', 2.0)","('ember-electron', 2.0)"
85,44,"('lightweight', 40.0)","('compare', 13.0)","('mssql-diff', 10.0)","('postgresql-diff', 10.0)","('pgsql-http', 10.0)","('database-structure', 10.0)","('database-schema', 10.0)","('database-management', 10.0)","('mysqldiff', 10.0)","('mysql-diff', 10.0)","('compared-databases', 10.0)","('experience-api', 5.0)","('xapi', 5.0)","('lxhive', 5.0)","('lrs', 5.0)","('tincan', 5.0)","('compare-images', 3.0)","('making-visual-comparisons', 3.0)","('front-end-developer-tool', 3.0)","('xen-hypervisor', 3.0)","('halvm', 3.0)","('lightweight-virtual-machines', 3.0)","('lightweight-mvc-framework', 2.0)","('bignum', 2.0)","('utron', 2.0)","('bigint', 2.0)","('tr-069', 2.0)","('nest-cqrs', 2.0)","('persistent-database', 2.0)","('nest-framework', 2.0)","('kvdb', 2.0)","('cwmp', 2.0)","('svgjs', 1.0)","('templating-engine', 1.0)","('etl-ruby', 1.0)","('scheme-interpreter', 1.0)","('yox', 1.0)","('sykeyboardtextfield', 1.0)","('context-switching', 1.0)","('moquette', 1.0)","('phonon', 1.0)","('cryptographic-hash', 1.0)","('bilateral-filter', 1.0)","('content-editable', 1.0)",,,,,,
86,1,"('loadingdialog', 0.0)",,,,,,,,,,,,,,,,,,,,,,,,,,,,,,,,,,,,,,,,,,,,,,,,,
87,35,"('integration', 21.0)","('easy-to-use', 17.0)","('f-sharp', 16.0)","('eula', 11.0)","('rapid-prototyping', 11.0)","('resharper', 11.0)","('flowchart', 11.0)","('workflow-management', 11.0)","('workflow-catalog', 11.0)","('rapid-development', 11.0)","('workflow-foundation', 11.0)","('warewolf', 11.0)","('proof-assistant', 6.0)","('c-language', 6.0)","('dependent-types', 6.0)","('theorem-proving', 5.0)","('fstar', 5.0)","('web-console', 3.0)","('cralwer', 3.0)","('gatherplatform', 3.0)","('fast-and-safe', 2.0)","('webix', 2.0)","('kawaii', 2.0)","('webix-ui', 2.0)","('webplatform', 2.0)","('html5-apis', 2.0)","('comment-system', 2.0)","('helpscout', 2.0)","('easy-digital-downloads', 2.0)","('systemd-manager', 1.0)","('rustr', 1.0)","('f-star', 1.0)","('nativescript-vue', 1.0)","('system-tests', 1.0)","('makefile-template', 1.0)",,,,,,,,,,,,,,,
88,72,"('demo', 44.0)","('examples', 40.0)","('iar', 12.0)","('ccs', 12.0)","('spp', 11.0)","('serial-port-profile', 11.0)","('bluetooth5', 11.0)","('bt5', 11.0)","('cc2640r2f', 11.0)","('cc2640', 11.0)","('ble-sdk', 11.0)","('simplelink', 11.0)","('mdn', 10.0)","('mdn-docs', 10.0)","('pointer-lock', 8.0)","('channel-messaging', 8.0)","('matchmedia', 8.0)","('dom-manipulation', 8.0)","('pointer-events', 8.0)","('atomikos', 6.0)","('spring-jedis', 6.0)","('spring4-mybatis3', 6.0)","('spring-example', 6.0)","('spring-mybatis-mulidatasource', 6.0)","('spring-demo', 6.0)","('geopackage-viewer', 5.0)","('android-filepicker', 5.0)","('geopackage-js', 5.0)","('nga', 5.0)","('geopackage', 5.0)","('geopackage-libraries', 5.0)","('nock', 4.0)","('hoon', 4.0)","('arvo', 4.0)","('urbit', 4.0)","('weixin-java-tools', 3.0)","('edla', 3.0)","('scala-netty', 3.0)","('videopicker', 3.0)","('whatsapp-like-picker', 3.0)","('weixin-java-sdk', 3.0)","('learning-js', 3.0)","('scala-port', 3.0)","('learning-to-code', 3.0)","('wechat-springmvc-demo', 3.0)","('clip', 2.0)","('opus-foundation', 2.0)","('rippleapi', 2.0)","('ethereum-token', 2.0)","('storage-chooser', 2.0)"
89,2,"('jt808', 1.0)","('jt-808', 1.0)",,,,,,,,,,,,,,,,,,,,,,,,,,,,,,,,,,,,,,,,,,,,,,,,
90,1,"('swiftapp', 0.0)",,,,,,,,,,,,,,,,,,,,,,,,,,,,,,,,,,,,,,,,,,,,,,,,,
91,1,"('android-live-animation', 0.0)",,,,,,,,,,,,,,,,,,,,,,,,,,,,,,,,,,,,,,,,,,,,,,,,,
92,1,"('syntex', 0.0)",,,,,,,,,,,,,,,,,,,,,,,,,,,,,,,,,,,,,,,,,,,,,,,,,
93,1,"('zl-threadpool', 0.0)",,,,,,,,,,,,,,,,,,,,,,,,,,,,,,,,,,,,,,,,,,,,,,,,,
94,1,"('duoshuo-https', 0.0)",,,,,,,,,,,,,,,,,,,,,,,,,,,,,,,,,,,,,,,,,,,,,,,,,
95,3,"('no-coupling', 2.0)","('good-scalability', 2.0)","('checkupdatelibrary', 2.0)",,,,,,,,,,,,,,,,,,,,,,,,,,,,,,,,,,,,,,,,,,,,,,,
96,2,"('react-native-demo', 1.0)","('mobx-demo', 1.0)",,,,,,,,,,,,,,,,,,,,,,,,,,,,,,,,,,,,,,,,,,,,,,,,
97,1,"('programming-elixir', 0.0)",,,,,,,,,,,,,,,,,,,,,,,,,,,,,,,,,,,,,,,,,,,,,,,,,
98,3,"('jike', 2.0)","('selfstudy', 2.0)","('frontend-homework', 2.0)",,,,,,,,,,,,,,,,,,,,,,,,,,,,,,,,,,,,,,,,,,,,,,,
99,2,"('gpuskinning', 1.0)","('gpu-skinning', 1.0)",,,,,,,,,,,,,,,,,,,,,,,,,,,,,,,,,,,,,,,,,,,,,,,,
100,3,"('miniui', 2.0)","('hsweb-ui', 2.0)","('hsweb-platform', 2.0)",,,,,,,,,,,,,,,,,,,,,,,,,,,,,,,,,,,,,,,,,,,,,,,
101,1,"('roundbutton', 0.0)",,,,,,,,,,,,,,,,,,,,,,,,,,,,,,,,,,,,,,,,,,,,,,,,,
102,1,"('peercast', 0.0)",,,,,,,,,,,,,,,,,,,,,,,,,,,,,,,,,,,,,,,,,,,,,,,,,
103,1,"('mammouth', 0.0)",,,,,,,,,,,,,,,,,,,,,,,,,,,,,,,,,,,,,,,,,,,,,,,,,
104,1,"('oe-alliance', 0.0)",,,,,,,,,,,,,,,,,,,,,,,,,,,,,,,,,,,,,,,,,,,,,,,,,
105,2,"('appcomponents', 1.0)","('loaddatalayout', 1.0)",,,,,,,,,,,,,,,,,,,,,,,,,,,,,,,,,,,,,,,,,,,,,,,,
106,1,"('qq-telegram-irc', 0.0)",,,,,,,,,,,,,,,,,,,,,,,,,,,,,,,,,,,,,,,,,,,,,,,,,
107,1,"('supershadow', 0.0)",,,,,,,,,,,,,,,,,,,,,,,,,,,,,,,,,,,,,,,,,,,,,,,,,
108,1,"('ios-bluetooth', 0.0)",,,,,,,,,,,,,,,,,,,,,,,,,,,,,,,,,,,,,,,,,,,,,,,,,
109,1,"('popclip-extensions', 0.0)",,,,,,,,,,,,,,,,,,,,,,,,,,,,,,,,,,,,,,,,,,,,,,,,,
110,1,"('jtool', 0.0)",,,,,,,,,,,,,,,,,,,,,,,,,,,,,,,,,,,,,,,,,,,,,,,,,
111,2,"('diango-shadowsocks', 1.0)","('django-sspanel', 1.0)",,,,,,,,,,,,,,,,,,,,,,,,,,,,,,,,,,,,,,,,,,,,,,,,
112,1,"('cronus', 0.0)",,,,,,,,,,,,,,,,,,,,,,,,,,,,,,,,,,,,,,,,,,,,,,,,,
113,1,"('majiang', 0.0)",,,,,,,,,,,,,,,,,,,,,,,,,,,,,,,,,,,,,,,,,,,,,,,,,
114,1,"('aipo', 0.0)",,,,,,,,,,,,,,,,,,,,,,,,,,,,,,,,,,,,,,,,,,,,,,,,,
115,1,"('swift-objective', 0.0)",,,,,,,,,,,,,,,,,,,,,,,,,,,,,,,,,,,,,,,,,,,,,,,,,
116,1,"('wio', 0.0)",,,,,,,,,,,,,,,,,,,,,,,,,,,,,,,,,,,,,,,,,,,,,,,,,
117,1,"('il2cpp', 0.0)",,,,,,,,,,,,,,,,,,,,,,,,,,,,,,,,,,,,,,,,,,,,,,,,,
118,1,"('sql-markdown', 0.0)",,,,,,,,,,,,,,,,,,,,,,,,,,,,,,,,,,,,,,,,,,,,,,,,,
119,1,"('phpbeginner', 0.0)",,,,,,,,,,,,,,,,,,,,,,,,,,,,,,,,,,,,,,,,,,,,,,,,,
120,1,"('app-sdk', 0.0)",,,,,,,,,,,,,,,,,,,,,,,,,,,,,,,,,,,,,,,,,,,,,,,,,
121,1,"('avida', 0.0)",,,,,,,,,,,,,,,,,,,,,,,,,,,,,,,,,,,,,,,,,,,,,,,,,
122,1,"('gb2260', 0.0)",,,,,,,,,,,,,,,,,,,,,,,,,,,,,,,,,,,,,,,,,,,,,,,,,
123,1,"('wmplayer', 0.0)",,,,,,,,,,,,,,,,,,,,,,,,,,,,,,,,,,,,,,,,,,,,,,,,,
124,1,"('hypixel', 0.0)",,,,,,,,,,,,,,,,,,,,,,,,,,,,,,,,,,,,,,,,,,,,,,,,,
125,1,"('ruirui', 0.0)",,,,,,,,,,,,,,,,,,,,,,,,,,,,,,,,,,,,,,,,,,,,,,,,,
126,1,"('ios-route', 0.0)",,,,,,,,,,,,,,,,,,,,,,,,,,,,,,,,,,,,,,,,,,,,,,,,,
127,1,"('douyu-vue', 0.0)",,,,,,,,,,,,,,,,,,,,,,,,,,,,,,,,,,,,,,,,,,,,,,,,,
128,1,"('mmoarpg', 0.0)",,,,,,,,,,,,,,,,,,,,,,,,,,,,,,,,,,,,,,,,,,,,,,,,,
129,1,"('urlaub', 0.0)",,,,,,,,,,,,,,,,,,,,,,,,,,,,,,,,,,,,,,,,,,,,,,,,,
130,1,"('wechat-official-account', 0.0)",,,,,,,,,,,,,,,,,,,,,,,,,,,,,,,,,,,,,,,,,,,,,,,,,
